available_from,as_of,currency,net_oi,pct3y
2018-12-27 22:30:00,2018-12-24,AUD,-0.2656147774294138,50.96153846153846
2019-01-03 22:30:00,2018-12-31,AUD,-0.21474662658868887,53.77358490566038
2019-01-11 22:30:00,2019-01-08,AUD,-0.2963302896231447,45.370370370370374
2019-01-18 22:30:00,2019-01-15,AUD,-0.30291836864947663,42.72727272727273
2019-01-25 22:30:00,2019-01-22,AUD,-0.29923827541571246,43.75
2019-02-01 22:30:00,2019-01-29,AUD,-0.26352632226826966,53.50877192982456
2019-02-08 22:30:00,2019-02-05,AUD,-0.295356165519529,47.41379310344828
2019-02-15 22:30:00,2019-02-12,AUD,-0.27088257697714047,51.69491525423729
2019-02-22 22:30:00,2019-02-19,AUD,-0.2868529596124529,47.5
2019-03-01 22:30:00,2019-02-26,AUD,-0.2738885227812601,51.63934426229508
2019-03-08 22:30:00,2019-03-05,AUD,-0.28736783449599007,45.96774193548387
2019-03-15 22:30:00,2019-03-12,AUD,-0.2679720125342638,54.76190476190476
2019-03-22 22:30:00,2019-03-19,AUD,-0.36452641485581044,21.09375
2019-03-29 22:30:00,2019-03-26,AUD,-0.3797710193741951,19.23076923076923
2019-04-05 22:30:00,2019-04-02,AUD,-0.37204661345008944,21.96969696969697
2019-04-12 22:30:00,2019-04-09,AUD,-0.37124768038423756,23.134328358208954
2019-04-19 22:30:00,2019-04-16,AUD,-0.33325276881300026,31.61764705882353
2019-04-26 22:30:00,2019-04-23,AUD,-0.35429161341067744,25.36231884057971
2019-05-03 22:30:00,2019-04-30,AUD,-0.36911114308413145,23.571428571428573
2019-05-10 22:30:00,2019-05-07,AUD,-0.35090017775973525,27.464788732394368
2019-05-17 22:30:00,2019-05-14,AUD,-0.38679325047408536,15.972222222222221
2019-05-24 22:30:00,2019-05-21,AUD,-0.36077534693610264,26.71232876712329
2019-05-31 22:30:00,2019-05-28,AUD,-0.3688704928051558,25.0
2019-06-07 22:30:00,2019-06-04,AUD,-0.37175112040457914,22.0
2019-06-14 22:30:00,2019-06-11,AUD,-0.3191427071555484,38.81578947368421
2019-06-21 22:30:00,2019-06-18,AUD,-0.36357980056165606,27.92207792207792
2019-06-28 22:30:00,2019-06-25,AUD,-0.402571308903066,13.461538461538462
2019-07-05 22:30:00,2019-07-02,AUD,-0.3621459312147781,29.746835443037973
2019-07-12 22:30:00,2019-07-09,AUD,-0.34010730884038437,39.375
2019-07-19 22:30:00,2019-07-16,AUD,-0.33332065375885983,40.123456790123456
2019-07-26 22:30:00,2019-07-23,AUD,-0.31875103803354926,43.292682926829265
2019-08-02 22:30:00,2019-07-30,AUD,-0.32788916975482857,41.566265060240966
2019-08-09 22:30:00,2019-08-06,AUD,-0.3118192593091904,48.214285714285715
2019-08-16 22:30:00,2019-08-13,AUD,-0.35827491358052815,30.0
2019-08-23 22:30:00,2019-08-20,AUD,-0.37110093098862124,22.674418604651162
2019-08-30 22:30:00,2019-08-27,AUD,-0.36821275158067474,25.862068965517242
2019-09-06 22:30:00,2019-09-03,AUD,-0.34086690686756194,38.06818181818182
2019-09-13 22:30:00,2019-09-10,AUD,-0.2907186531764964,60.1123595505618
2019-09-20 22:30:00,2019-09-17,AUD,-0.29033987193231536,60.55555555555556
2019-09-27 22:30:00,2019-09-24,AUD,-0.2931212392461087,58.79120879120879
2019-10-04 22:30:00,2019-10-01,AUD,-0.3041875072699779,51.630434782608695
2019-10-11 22:30:00,2019-10-08,AUD,-0.2780400262972417,66.12903225806451
2019-10-18 22:30:00,2019-10-15,AUD,-0.2904798516023529,60.1063829787234
2019-10-25 22:30:00,2019-10-22,AUD,-0.27980916030534353,64.73684210526316
2019-11-01 22:30:00,2019-10-29,AUD,-0.2625518104324705,72.39583333333333
2019-11-08 22:30:00,2019-11-05,AUD,-0.16599859984759402,74.74226804123711
2019-11-15 22:30:00,2019-11-12,AUD,-0.2548507765613974,71.93877551020408
2019-11-22 22:30:00,2019-11-19,AUD,-0.27397419167754095,65.15151515151516
2019-11-29 22:30:00,2019-11-26,AUD,-0.24586520374476206,73.5
2019-12-06 22:30:00,2019-12-03,AUD,-0.19605764470370451,74.75247524752476
2019-12-13 22:30:00,2019-12-10,AUD,-0.2028033675673293,74.01960784313725
2019-12-20 22:30:00,2019-12-17,AUD,-0.303431832395247,47.0873786407767
2019-12-27 22:30:00,2019-12-24,AUD,-0.2962839355625441,52.40384615384615
2020-01-03 22:30:00,2019-12-31,AUD,-0.23334043394905815,72.85714285714286
2020-01-10 22:30:00,2020-01-07,AUD,-0.17274738650555665,75.94339622641509
2020-01-17 22:30:00,2020-01-14,AUD,-0.14214072270488629,78.97196261682242
2020-01-24 22:30:00,2020-01-21,AUD,-0.13838024634709417,81.01851851851852
2020-01-31 22:30:00,2020-01-28,AUD,-0.17559867535301588,73.85321100917432
2020-02-07 22:30:00,2020-02-04,AUD,-0.23940040695359843,69.54545454545455
2020-02-14 22:30:00,2020-02-11,AUD,-0.1840160425397684,73.42342342342343
2020-02-21 22:30:00,2020-02-18,AUD,-0.1999253154090315,71.875
2020-02-28 22:30:00,2020-02-25,AUD,-0.20556524347940222,70.35398230088495
2020-03-06 22:30:00,2020-03-03,AUD,-0.23288537053307273,68.85964912280701
2020-03-13 22:30:00,2020-03-10,AUD,-0.2556913128482364,63.91304347826087
2020-03-20 22:30:00,2020-03-17,AUD,-0.19170925686224796,73.70689655172414
2020-03-27 22:30:00,2020-03-24,AUD,-0.18658445413295632,73.93162393162393
2020-04-03 22:30:00,2020-03-31,AUD,-0.24174314027881694,65.67796610169492
2020-04-10 22:30:00,2020-04-07,AUD,-0.2721750630497632,57.563025210084035
2020-04-17 22:30:00,2020-04-14,AUD,-0.27720687988273635,55.416666666666664
2020-04-24 22:30:00,2020-04-21,AUD,-0.27595498494214615,55.78512396694215
2020-05-01 22:30:00,2020-04-28,AUD,-0.29219894396184637,47.131147540983605
2020-05-08 22:30:00,2020-05-05,AUD,-0.25875337411924854,63.00813008130081
2020-05-15 22:30:00,2020-05-12,AUD,-0.2740515534100755,56.04838709677419
2020-05-22 22:30:00,2020-05-19,AUD,-0.29788323531405075,42.0
2020-05-29 22:30:00,2020-05-26,AUD,-0.29607069821793747,44.84126984126984
2020-06-05 22:30:00,2020-06-02,AUD,-0.3013118822851571,40.55118110236221
2020-06-12 22:30:00,2020-06-09,AUD,-0.26325070536074163,62.890625
2020-06-19 22:30:00,2020-06-16,AUD,-0.07193594925277799,87.20930232558139
2020-06-26 22:30:00,2020-06-23,AUD,-0.051289159966731356,87.3076923076923
2020-07-03 22:30:00,2020-06-30,AUD,-0.028889904428858113,88.16793893129771
2020-07-10 22:30:00,2020-07-07,AUD,-0.006602292727013271,90.53030303030303
2020-07-17 22:30:00,2020-07-14,AUD,0.039631843486856215,92.10526315789474
2020-07-24 22:30:00,2020-07-21,AUD,-0.0018815625229458843,89.92537313432835
2020-07-31 22:30:00,2020-07-28,AUD,-0.04408789430164846,84.81481481481481
2020-08-07 22:30:00,2020-08-04,AUD,-0.008713437650697573,87.86764705882354
2020-08-14 22:30:00,2020-08-11,AUD,-0.028541035921773997,85.76642335766424
2020-08-21 22:30:00,2020-08-18,AUD,-0.026414580848628442,87.31884057971014
2020-08-28 22:30:00,2020-08-25,AUD,-0.030579192972824597,83.81294964028777
2020-09-04 22:30:00,2020-09-01,AUD,-0.0012032290291764808,90.35714285714286
2020-09-11 22:30:00,2020-09-08,AUD,-0.014185480009160877,86.87943262411348
2020-09-18 22:30:00,2020-09-15,AUD,0.12304459313881681,98.94366197183099
2020-09-25 22:30:00,2020-09-22,AUD,0.12265227378503761,98.25174825174825
2020-10-02 22:30:00,2020-09-29,AUD,0.06957679372197309,92.01388888888889
2020-10-09 22:30:00,2020-10-06,AUD,0.08210022782491541,94.13793103448276
2020-10-16 22:30:00,2020-10-13,AUD,0.02807380482368281,88.6986301369863
2020-10-23 22:30:00,2020-10-20,AUD,0.05032781999701982,90.81632653061224
2020-10-30 22:30:00,2020-10-27,AUD,0.06819524244214144,90.87837837837837
2020-11-06 22:30:00,2020-11-03,AUD,-0.009780278670953912,82.88590604026845
2020-11-13 22:30:00,2020-11-10,AUD,-0.06676109175822073,75.66666666666667
2020-11-20 22:30:00,2020-11-17,AUD,-0.047195480086636814,76.49006622516556
2020-11-27 22:30:00,2020-11-24,AUD,-0.040119819662284936,77.30263157894737
2020-12-04 22:30:00,2020-12-01,AUD,-0.08261491505197856,73.52941176470588
2020-12-11 22:30:00,2020-12-08,AUD,-0.06305839780384327,75.0
2020-12-18 22:30:00,2020-12-15,AUD,-0.07341594759715311,73.2258064516129
2020-12-24 22:30:00,2020-12-21,AUD,-0.03248954144089168,78.52564102564102
2021-01-01 22:30:00,2020-12-29,AUD,-0.047039599736821175,75.96153846153847
2021-01-08 22:30:00,2021-01-05,AUD,-0.026743238895771872,82.37179487179488
2021-01-15 22:30:00,2021-01-12,AUD,0.03772802080019915,90.06410256410257
2021-01-22 22:30:00,2021-01-19,AUD,0.033683801972512355,90.06410256410257
2021-01-29 22:30:00,2021-01-26,AUD,0.005388857436413579,88.78205128205128
2021-02-05 22:30:00,2021-02-02,AUD,-0.01028434424160848,84.2948717948718
2021-02-12 22:30:00,2021-02-09,AUD,-0.0015373993750756245,88.14102564102564
2021-02-19 22:30:00,2021-02-16,AUD,-0.020013621465158848,83.65384615384616
2021-02-26 22:30:00,2021-02-23,AUD,-0.011262486145627526,84.93589743589743
2021-03-05 22:30:00,2021-03-02,AUD,0.04029912477318817,94.55128205128206
2021-03-12 22:30:00,2021-03-09,AUD,0.05371515998137431,95.1923076923077
2021-03-19 22:30:00,2021-03-16,AUD,0.0588776164610071,95.83333333333333
2021-03-26 22:30:00,2021-03-23,AUD,0.044584171193613256,94.55128205128206
2021-04-02 22:30:00,2021-03-30,AUD,0.08929260567226126,98.3974358974359
2021-04-09 22:30:00,2021-04-06,AUD,0.029631680974799224,90.7051282051282
2021-04-16 22:30:00,2021-04-13,AUD,0.026920570352280623,89.42307692307692
2021-04-23 22:30:00,2021-04-20,AUD,-0.01326312542686554,83.01282051282051
2021-04-30 22:30:00,2021-04-27,AUD,-0.010018758526603002,84.2948717948718
2021-05-07 22:30:00,2021-05-04,AUD,0.01072292570232984,88.78205128205128
2021-05-14 22:30:00,2021-05-11,AUD,0.017146060877032368,88.78205128205128
2021-05-21 22:30:00,2021-05-18,AUD,0.02184289414709392,88.78205128205128
2021-05-28 22:30:00,2021-05-25,AUD,-0.006001928926478225,84.2948717948718
2021-06-04 22:30:00,2021-06-01,AUD,-0.01424006154665562,78.52564102564102
2021-06-11 22:30:00,2021-06-08,AUD,-0.06348896663078579,69.55128205128206
2021-06-18 22:30:00,2021-06-15,AUD,-0.14403441359143526,65.06410256410257
2021-06-25 22:30:00,2021-06-22,AUD,-0.11889942765908507,66.34615384615384
2021-07-02 22:30:00,2021-06-29,AUD,-0.12670662433621388,65.7051282051282
2021-07-09 22:30:00,2021-07-06,AUD,-0.16877952114664205,62.5
2021-07-16 22:30:00,2021-07-13,AUD,-0.18454437642232122,59.93589743589744
2021-07-23 22:30:00,2021-07-20,AUD,-0.21818870969714013,54.80769230769231
2021-07-30 22:30:00,2021-07-27,AUD,-0.23443160152526216,52.88461538461539
2021-08-06 22:30:00,2021-08-03,AUD,-0.24299984107270042,50.96153846153846
2021-08-13 22:30:00,2021-08-10,AUD,-0.2871341896565779,36.85897435897436
2021-08-20 22:30:00,2021-08-17,AUD,-0.26941716413120226,43.91025641025641
2021-08-27 22:30:00,2021-08-24,AUD,-0.28638507154566983,36.85897435897436
2021-09-03 22:30:00,2021-08-31,AUD,-0.32994661804441905,21.474358974358974
2021-09-10 22:30:00,2021-09-07,AUD,-0.406308362730857,6.730769230769231
2021-09-17 22:30:00,2021-09-14,AUD,-0.5061890279067791,0.32051282051282054
2021-09-24 22:30:00,2021-09-21,AUD,-0.4613891704224441,1.6025641025641026
2021-10-01 22:30:00,2021-09-28,AUD,-0.47759980980709793,0.9615384615384616
2021-10-08 22:30:00,2021-10-05,AUD,-0.47685899168481805,1.6025641025641026
2021-10-15 22:30:00,2021-10-12,AUD,-0.4923678708720185,0.9615384615384616
2021-10-22 22:30:00,2021-10-19,AUD,-0.479767364111751,1.6025641025641026
2021-10-29 22:30:00,2021-10-26,AUD,-0.47025516995706546,3.5256410256410255
2021-11-05 22:30:00,2021-11-02,AUD,-0.46348411178232896,4.166666666666667
2021-11-12 22:30:00,2021-11-09,AUD,-0.4032835460262353,6.730769230769231
2021-11-19 22:30:00,2021-11-16,AUD,-0.3668710405068151,13.782051282051283
2021-11-26 22:30:00,2021-11-23,AUD,-0.3364568985231316,20.192307692307693
2021-12-03 22:30:00,2021-11-30,AUD,-0.3969927864502107,7.371794871794871
2021-12-10 22:30:00,2021-12-07,AUD,-0.3855385340560924,8.653846153846153
2021-12-17 22:30:00,2021-12-14,AUD,-0.3997011220587118,7.371794871794871
2021-12-24 22:30:00,2021-12-21,AUD,-0.42002205855448516,5.448717948717949
2021-12-31 22:30:00,2021-12-28,AUD,-0.4463014326897877,5.448717948717949
2022-01-07 22:30:00,2022-01-04,AUD,-0.4961828246542333,0.9615384615384616
2022-01-14 22:30:00,2022-01-11,AUD,-0.49331097366987864,1.6025641025641026
2022-01-21 22:30:00,2022-01-18,AUD,-0.488329211200424,2.8846153846153846
2022-01-28 22:30:00,2022-01-25,AUD,-0.4382328175981476,8.012820512820513
2022-02-04 22:30:00,2022-02-01,AUD,-0.40540238582521215,9.935897435897436
2022-02-11 22:30:00,2022-02-08,AUD,-0.4365564680783898,8.653846153846153
2022-02-18 22:30:00,2022-02-15,AUD,-0.45017603256862154,7.371794871794871
2022-02-25 22:30:00,2022-02-22,AUD,-0.4366000446569979,9.294871794871796
2022-03-04 22:30:00,2022-03-01,AUD,-0.4130186062941893,11.217948717948717
2022-03-11 22:30:00,2022-03-08,AUD,-0.39673962677707086,15.705128205128204
2022-03-18 22:30:00,2022-03-15,AUD,-0.3602283952104464,25.32051282051282
2022-03-25 22:30:00,2022-03-22,AUD,-0.4006433586137266,14.423076923076923
2022-04-01 22:30:00,2022-03-29,AUD,-0.34687812484703545,27.243589743589745
2022-04-08 22:30:00,2022-04-05,AUD,-0.2519375679995702,50.32051282051282
2022-04-15 22:30:00,2022-04-12,AUD,-0.19024241581036047,58.65384615384615
2022-04-22 22:30:00,2022-04-19,AUD,-0.1957585755113401,57.37179487179487
2022-04-29 22:30:00,2022-04-26,AUD,-0.18798694676728533,58.65384615384615
2022-05-06 22:30:00,2022-05-03,AUD,-0.1872885975685847,58.65384615384615
2022-05-13 22:30:00,2022-05-10,AUD,-0.2722686004085922,42.62820512820513
2022-05-20 22:30:00,2022-05-17,AUD,-0.2725247086545916,41.98717948717949
2022-05-27 22:30:00,2022-05-24,AUD,-0.2865176685685465,36.85897435897436
2022-06-03 22:30:00,2022-05-31,AUD,-0.31681428599319283,27.884615384615383
2022-06-10 22:30:00,2022-06-07,AUD,-0.2877984881806492,35.57692307692308
2022-06-17 22:30:00,2022-06-14,AUD,-0.30277830277830275,29.166666666666668
2022-06-24 22:30:00,2022-06-21,AUD,-0.29635738630972797,30.44871794871795
2022-07-01 22:30:00,2022-06-28,AUD,-0.3072392076688279,26.602564102564102
2022-07-08 22:30:00,2022-07-05,AUD,-0.3240626063286832,24.03846153846154
2022-07-15 22:30:00,2022-07-12,AUD,-0.2628536044432369,44.55128205128205
2022-07-22 22:30:00,2022-07-19,AUD,-0.2779330868428172,38.14102564102564
2022-07-29 22:30:00,2022-07-26,AUD,-0.30283179845724184,26.602564102564102
2022-08-05 22:30:00,2022-08-02,AUD,-0.33317255301284454,22.115384615384617
2022-08-12 22:30:00,2022-08-09,AUD,-0.3642504743833017,18.91025641025641
2022-08-19 22:30:00,2022-08-16,AUD,-0.3701958824080727,16.987179487179485
2022-08-26 22:30:00,2022-08-23,AUD,-0.3547502541190932,19.55128205128205
2022-09-02 22:30:00,2022-08-30,AUD,-0.3390678631983789,20.833333333333332
2022-09-09 22:30:00,2022-09-06,AUD,-0.3170025584631267,24.03846153846154
2022-09-16 22:30:00,2022-09-13,AUD,-0.3173566957599829,24.03846153846154
2022-09-23 22:30:00,2022-09-20,AUD,-0.26939632266978425,43.26923076923077
2022-09-30 22:30:00,2022-09-27,AUD,-0.22752969448657592,52.243589743589745
2022-10-07 22:30:00,2022-10-04,AUD,-0.19903935766004732,54.80769230769231
2022-10-14 22:30:00,2022-10-11,AUD,-0.2260772122614228,51.6025641025641
2022-10-21 22:30:00,2022-10-18,AUD,-0.23494976610674037,48.3974358974359
2022-10-28 22:30:00,2022-10-25,AUD,-0.3081318391720222,25.96153846153846
2022-11-04 22:30:00,2022-11-01,AUD,-0.305493588697245,27.243589743589745
2022-11-11 22:30:00,2022-11-08,AUD,-0.2872393445850741,34.294871794871796
2022-11-18 22:30:00,2022-11-15,AUD,-0.2754801772962325,38.782051282051285
2022-11-25 22:30:00,2022-11-22,AUD,-0.27285771681111176,40.06410256410256
2022-12-02 22:30:00,2022-11-29,AUD,-0.28002610146946255,36.85897435897436
2022-12-09 22:30:00,2022-12-06,AUD,-0.2555069131680892,47.11538461538461
2022-12-16 22:30:00,2022-12-13,AUD,-0.21963905287660576,53.52564102564103
2022-12-23 22:30:00,2022-12-20,AUD,-0.2639335891564028,43.26923076923077
2022-12-30 22:30:00,2022-12-27,AUD,-0.2847710824722319,35.57692307692308
2023-01-06 22:30:00,2023-01-03,AUD,-0.2727662454873646,40.705128205128204
2023-01-13 22:30:00,2023-01-10,AUD,-0.26732154759259846,44.55128205128205
2023-01-20 22:30:00,2023-01-17,AUD,-0.2622198996981585,47.11538461538461
2023-01-27 22:30:00,2023-01-24,AUD,-0.25616649934357866,48.3974358974359
2023-02-03 22:30:00,2023-01-31,AUD,-0.2244394882028407,55.44871794871795
2023-02-10 22:30:00,2023-02-07,AUD,-0.22664225924552037,54.80769230769231
2023-02-17 22:30:00,2023-02-14,AUD,-0.22936056429665247,54.166666666666664
2023-02-24 22:30:00,2023-02-21,AUD,-0.20078408501814413,58.65384615384615
2023-03-03 22:30:00,2023-02-28,AUD,-0.19075473038577215,60.57692307692308
2023-03-10 22:30:00,2023-03-07,AUD,-0.15712386859927843,64.42307692307692
2023-03-17 22:30:00,2023-03-14,AUD,-0.2671700275893321,45.19230769230769
2023-03-24 22:30:00,2023-03-21,AUD,-0.2532930266866883,50.32051282051282
2023-03-31 22:30:00,2023-03-28,AUD,-0.23375738901598805,53.52564102564103
2023-04-07 22:30:00,2023-04-04,AUD,-0.18006241652451038,63.14102564102564
2023-04-14 22:30:00,2023-04-11,AUD,-0.237937544295382,50.96153846153846
2023-04-21 22:30:00,2023-04-18,AUD,-0.26520900643674705,43.91025641025641
2023-04-28 22:30:00,2023-04-25,AUD,-0.22075778850618438,56.08974358974359
2023-05-05 22:30:00,2023-05-02,AUD,-0.24835980996418897,49.03846153846154
2023-05-12 22:30:00,2023-05-09,AUD,-0.2971812096754706,30.44871794871795
2023-05-19 22:30:00,2023-05-16,AUD,-0.3208837264998204,24.03846153846154
2023-05-26 22:30:00,2023-05-23,AUD,-0.2724633336664113,39.42307692307692
2023-06-02 22:30:00,2023-05-30,AUD,-0.21528763728087508,57.37179487179487
2023-06-09 22:30:00,2023-06-06,AUD,-0.2693056085463564,41.34615384615385
2023-06-16 22:30:00,2023-06-13,AUD,-0.3382138670698174,21.474358974358974
2023-06-23 22:30:00,2023-06-20,AUD,-0.33099841225366583,23.397435897435898
2023-06-30 22:30:00,2023-06-27,AUD,-0.28917005904573295,32.37179487179487
2023-07-06 22:30:00,2023-07-03,AUD,-0.28997554376105733,32.37179487179487
2023-07-14 22:30:00,2023-07-11,AUD,-0.29564248008131416,32.37179487179487
2023-07-21 22:30:00,2023-07-18,AUD,-0.33919053515667064,20.833333333333332
2023-07-28 22:30:00,2023-07-25,AUD,-0.3496786707006413,20.192307692307693
2023-08-04 22:30:00,2023-08-01,AUD,-0.32109511587248446,26.602564102564102
2023-08-11 22:30:00,2023-08-08,AUD,-0.23622581245009353,55.44871794871795
2023-08-18 22:30:00,2023-08-15,AUD,-0.26116366197458646,50.96153846153846
2023-08-25 22:30:00,2023-08-22,AUD,-0.28105130973100395,40.06410256410256
2023-09-01 22:30:00,2023-08-29,AUD,-0.314042301858257,29.807692307692307
2023-09-08 22:30:00,2023-09-05,AUD,-0.3463377017508219,21.474358974358974
2023-09-15 22:30:00,2023-09-12,AUD,-0.3104102349942822,31.08974358974359
2023-09-22 22:30:00,2023-09-19,AUD,-0.4382156046449607,9.294871794871796
2023-09-29 22:30:00,2023-09-26,AUD,-0.4097327757902984,12.5
2023-10-06 22:30:00,2023-10-03,AUD,-0.39458182133197295,17.628205128205128
2023-10-13 22:30:00,2023-10-10,AUD,-0.40275491366569716,15.064102564102564
2023-10-20 22:30:00,2023-10-17,AUD,-0.41184121931811224,12.5
2023-10-27 22:30:00,2023-10-24,AUD,-0.42678742050486473,11.217948717948717
2023-11-03 22:30:00,2023-10-31,AUD,-0.3815285524163644,20.833333333333332
2023-11-10 22:30:00,2023-11-07,AUD,-0.34059409026681076,26.602564102564102
2023-11-17 22:30:00,2023-11-14,AUD,-0.35932728681463927,24.03846153846154
2023-11-24 22:30:00,2023-11-21,AUD,-0.3965960996551338,19.55128205128205
2023-12-01 22:30:00,2023-11-28,AUD,-0.3614205315321259,24.03846153846154
2023-12-08 22:30:00,2023-12-05,AUD,-0.29493938200839603,43.91025641025641
2023-12-15 22:30:00,2023-12-12,AUD,-0.2505181235551173,64.42307692307692
2023-12-22 22:30:00,2023-12-19,AUD,-0.34318897504486506,28.525641025641026
2023-12-29 22:30:00,2023-12-26,AUD,-0.3358955052869349,32.37179487179487
2024-01-05 22:30:00,2024-01-02,AUD,-0.2731986013006121,53.52564102564103
2024-01-12 22:30:00,2024-01-09,AUD,-0.2063884892086331,77.24358974358974
2024-01-19 22:30:00,2024-01-16,AUD,-0.2928072343706024,45.833333333333336
2024-01-26 22:30:00,2024-01-23,AUD,-0.33407613627244614,33.01282051282051
2024-02-02 22:30:00,2024-01-30,AUD,-0.35216968422833184,26.602564102564102
2024-02-09 22:30:00,2024-02-06,AUD,-0.3972111752114296,18.26923076923077
2024-02-16 22:30:00,2024-02-13,AUD,-0.3958994410607314,20.833333333333332
2024-02-23 22:30:00,2024-02-20,AUD,-0.3981162718325748,18.26923076923077
2024-03-01 22:30:00,2024-02-27,AUD,-0.38623946300343426,22.756410256410255
2024-03-08 22:30:00,2024-03-05,AUD,-0.36184648755743054,26.602564102564102
2024-03-15 22:30:00,2024-03-12,AUD,-0.3954327603243907,22.115384615384617
2024-03-22 22:30:00,2024-03-19,AUD,-0.48677128928440483,3.5256410256410255
2024-03-29 22:30:00,2024-03-26,AUD,-0.48155556164433605,4.166666666666667
2024-04-05 22:30:00,2024-04-02,AUD,-0.4565928837585707,8.653846153846153
2024-04-12 22:30:00,2024-04-09,AUD,-0.4419540724999761,10.576923076923077
2024-04-19 22:30:00,2024-04-16,AUD,-0.43028873782026994,13.782051282051283
2024-04-26 22:30:00,2024-04-23,AUD,-0.40220580245572096,20.192307692307693
2024-05-03 22:30:00,2024-04-30,AUD,-0.37063671946315896,29.166666666666668
2024-05-10 22:30:00,2024-05-07,AUD,-0.30770258024514713,50.32051282051282
2024-05-17 22:30:00,2024-05-14,AUD,-0.3824170705358824,28.525641025641026
2024-05-24 22:30:00,2024-05-21,AUD,-0.28601437370618843,61.85897435897436
2024-05-31 22:30:00,2024-05-28,AUD,-0.2577267423248898,75.96153846153847
2024-06-07 22:30:00,2024-06-04,AUD,-0.2567769124506997,76.6025641025641
2024-06-14 22:30:00,2024-06-11,AUD,-0.3044465121524841,52.88461538461539
2024-06-21 22:30:00,2024-06-18,AUD,-0.238449869773033,82.37179487179488
2024-06-28 22:30:00,2024-06-25,AUD,-0.1307553390658913,99.67948717948718
2024-07-05 22:30:00,2024-07-02,AUD,-0.08006107209844338,99.67948717948718
2024-07-12 22:30:00,2024-07-09,AUD,0.010723634214303808,99.67948717948718
2024-07-19 22:30:00,2024-07-16,AUD,0.04840304364680108,99.67948717948718
2024-07-26 22:30:00,2024-07-23,AUD,-0.03895552864429103,98.3974358974359
2024-08-02 22:30:00,2024-07-30,AUD,-0.15239103822163497,96.47435897435898
2024-08-09 22:30:00,2024-08-06,AUD,-0.2086807105703043,89.42307692307692
2024-08-16 22:30:00,2024-08-13,AUD,-0.2263221064482894,85.57692307692308
2024-08-23 22:30:00,2024-08-20,AUD,-0.20754163108454313,89.42307692307692
2024-08-30 22:30:00,2024-08-27,AUD,-0.09352697095435684,97.11538461538461
2024-09-06 22:30:00,2024-09-03,AUD,-0.03682716893480317,98.3974358974359
2024-09-13 22:30:00,2024-09-10,AUD,-0.061048723333029,97.11538461538461
2024-09-20 22:30:00,2024-09-17,AUD,-0.23645128591970957,78.52564102564102
2024-09-27 22:30:00,2024-09-24,AUD,-0.06374899400369527,96.47435897435898
2024-10-04 22:30:00,2024-10-01,AUD,0.07226710175494448,99.67948717948718
2024-10-11 22:30:00,2024-10-08,AUD,0.16247459967137565,99.67948717948718
2024-10-18 22:30:00,2024-10-15,AUD,0.099690101350827,99.03846153846153
2024-10-25 22:30:00,2024-10-22,AUD,0.14805562984755283,99.03846153846153
2024-11-01 22:30:00,2024-10-29,AUD,0.14956217353256113,99.03846153846153
2024-11-08 22:30:00,2024-11-05,AUD,0.1745953014384272,99.67948717948718
2024-11-15 22:30:00,2024-11-12,AUD,0.17334768443099838,99.03846153846153
2024-11-22 22:30:00,2024-11-19,AUD,0.17391352208181057,99.03846153846153
2024-11-29 22:30:00,2024-11-26,AUD,0.17126872308430305,97.75641025641026
2024-12-06 22:30:00,2024-12-03,AUD,0.11249060431964762,95.1923076923077
2024-12-13 22:30:00,2024-12-10,AUD,0.03549823031804072,92.62820512820512
2024-12-20 22:30:00,2024-12-17,AUD,-0.35636883835956007,25.32051282051282
2024-12-27 22:30:00,2024-12-24,AUD,-0.3834320458521056,18.91025641025641
2025-01-03 22:30:00,2024-12-31,AUD,-0.39049717835425873,17.628205128205128
2025-01-10 22:30:00,2025-01-07,AUD,-0.3713163164175482,20.192307692307693
2025-01-17 22:30:00,2025-01-14,AUD,-0.4042860118737632,9.935897435897436
2025-01-24 22:30:00,2025-01-21,AUD,-0.3748258512914605,19.55128205128205
2025-01-31 22:30:00,2025-01-28,AUD,-0.37409835894818527,19.55128205128205
2025-02-07 22:30:00,2025-02-04,AUD,-0.3675958783417696,21.474358974358974
2025-02-14 22:30:00,2025-02-11,AUD,-0.33411447056725846,32.37179487179487
2025-02-21 22:30:00,2025-02-18,AUD,-0.2990363020992588,43.91025641025641
2025-02-28 22:30:00,2025-02-25,AUD,-0.24509197670604557,68.91025641025641
2025-03-07 22:30:00,2025-03-04,AUD,-0.23845613826926118,68.91025641025641
2025-03-14 22:30:00,2025-03-11,AUD,-0.18638932047090107,84.93589743589743
2025-03-21 22:30:00,2025-03-18,AUD,-0.3901997274932704,12.5
2025-03-28 22:30:00,2025-03-25,AUD,-0.43004769916762453,4.166666666666667
2025-04-04 22:30:00,2025-04-01,AUD,-0.415082674020332,5.448717948717949
2025-04-11 22:30:00,2025-04-08,AUD,-0.3254900347600732,33.01282051282051
2025-04-18 22:30:00,2025-04-15,AUD,-0.3292251058759028,33.01282051282051
2025-04-25 22:30:00,2025-04-22,AUD,-0.28607218105011584,50.96153846153846
2025-05-02 22:30:00,2025-04-29,AUD,-0.27024847947014136,59.294871794871796
2025-05-09 22:30:00,2025-05-06,AUD,-0.26424556285747064,62.5
2025-05-16 22:30:00,2025-05-13,AUD,-0.273445638922753,55.44871794871795
2025-05-23 22:30:00,2025-05-20,AUD,-0.3321675765941536,32.37179487179487
2025-05-30 22:30:00,2025-05-27,AUD,-0.3412310644088972,27.243589743589745
2025-06-06 22:30:00,2025-06-03,AUD,-0.31173029936572966,39.42307692307692
2025-06-13 22:30:00,2025-06-10,AUD,-0.3118712991367625,39.42307692307692
2025-06-20 22:30:00,2025-06-17,AUD,-0.4705331895762557,1.6025641025641026
2025-06-27 22:30:00,2025-06-24,AUD,-0.48044123099740454,1.6025641025641026
2025-07-04 22:30:00,2025-07-01,AUD,-0.46313549802429,2.8846153846153846
2025-07-11 22:30:00,2025-07-08,AUD,-0.48447747571549643,0.9615384615384616
2025-07-18 22:30:00,2025-07-15,AUD,-0.4978436675593241,0.32051282051282054
2025-07-25 22:30:00,2025-07-22,AUD,-0.5034573775976802,0.32051282051282054
2025-08-01 22:30:00,2025-07-29,AUD,-0.48906563126252506,1.6025641025641026
2025-08-08 22:30:00,2025-08-05,AUD,-0.5098230628431971,0.32051282051282054
2025-08-15 22:30:00,2025-08-12,AUD,-0.5131820145480869,0.32051282051282054
2025-08-22 22:30:00,2025-08-19,AUD,-0.510416834766892,0.9615384615384616
2025-08-29 22:30:00,2025-08-26,AUD,-0.526079066142976,0.32051282051282054
2025-09-05 22:30:00,2025-09-02,AUD,-0.4468192036660758,9.294871794871796
2025-09-12 22:30:00,2025-09-09,AUD,-0.3807498606385637,24.67948717948718
2025-09-19 22:30:00,2025-09-16,AUD,-0.330512306996576,39.42307692307692
2025-09-26 22:30:00,2025-09-23,AUD,-0.3704601688487697,27.884615384615383
2025-10-03 22:30:00,2025-09-30,AUD,-0.3846144687336286,22.756410256410255
2025-10-10 22:30:00,2025-10-07,AUD,-0.33810025150611217,37.5
2025-10-17 22:30:00,2025-10-14,AUD,-0.3504547005329349,33.01282051282051
2025-10-24 22:30:00,2025-10-21,AUD,-0.37821921117105095,25.96153846153846
2025-10-31 22:30:00,2025-10-28,AUD,-0.4262898129569409,13.14102564102564
2025-11-07 22:30:00,2025-11-04,AUD,-0.39588276613514306,20.192307692307693
2025-11-13 22:30:00,2025-11-10,AUD,-0.4381139708135758,11.217948717948717
2025-11-21 22:30:00,2025-11-18,AUD,-0.4229707651903357,14.423076923076923
2025-11-28 22:30:00,2025-11-25,AUD,-0.4368739555112675,11.85897435897436
2025-12-05 22:30:00,2025-12-02,AUD,-0.4116668476704809,16.987179487179485
2025-12-12 22:30:00,2025-12-09,AUD,-0.21218423660596908,81.08974358974359
2025-12-19 22:30:00,2025-12-16,AUD,-0.07452449999319255,88.78205128205128
2025-12-26 22:30:00,2025-12-23,AUD,-0.099455247901346,86.85897435897436
2026-01-02 22:30:00,2025-12-30,AUD,-0.09479723329341745,86.85897435897436
2026-01-09 22:30:00,2026-01-06,AUD,-0.08210422386392177,87.5
2026-01-16 22:30:00,2026-01-13,AUD,-0.08213339376612509,86.85897435897436
2026-01-23 22:30:00,2026-01-20,AUD,-0.06074387510459253,90.06410256410257
2026-01-30 22:30:00,2026-01-27,AUD,0.02835095514867787,91.98717948717949
2026-02-06 22:30:00,2026-02-03,AUD,0.10272970421648836,94.55128205128206
2026-02-13 22:30:00,2026-02-10,AUD,0.13434387566041248,95.1923076923077
2026-02-20 22:30:00,2026-02-17,AUD,0.1792688114966844,99.67948717948718
2026-02-27 22:30:00,2026-02-24,AUD,0.21167927236757983,99.67948717948718
2026-03-06 22:30:00,2026-03-03,AUD,0.2535243938940437,99.67948717948718
2026-03-13 22:30:00,2026-03-10,AUD,0.17156487220558533,95.83333333333333
2026-03-20 22:30:00,2026-03-17,AUD,0.2599454220382046,99.67948717948718
2026-03-27 22:30:00,2026-03-24,AUD,0.27502386551491304,99.67948717948718
2026-04-03 22:30:00,2026-03-31,AUD,0.30877929398928633,99.67948717948718
2026-04-10 22:30:00,2026-04-07,AUD,0.26756417716449155,98.3974358974359
2026-04-17 22:30:00,2026-04-14,AUD,0.24657279912700156,96.47435897435898
2026-04-24 22:30:00,2026-04-21,AUD,0.23534302779441932,95.83333333333333
2026-05-01 22:30:00,2026-04-28,AUD,0.25910877167682156,97.11538461538461
2026-05-08 22:30:00,2026-05-05,AUD,0.2814489933174019,99.03846153846153
2026-05-15 22:30:00,2026-05-12,AUD,0.29383496286871985,99.03846153846153
2026-05-22 22:30:00,2026-05-19,AUD,0.2842775061489898,98.3974358974359
2026-05-29 22:30:00,2026-05-26,AUD,0.19866117132647737,91.98717948717949
2026-06-05 22:30:00,2026-06-02,AUD,0.1369130066046478,85.57692307692308
2026-06-12 22:30:00,2026-06-09,AUD,0.05780181235418252,81.73076923076923
2026-06-19 22:30:00,2026-06-16,AUD,-0.013957265391057199,78.52564102564102
2026-06-26 22:30:00,2026-06-23,AUD,-0.060704738533886325,76.6025641025641
2026-07-03 22:30:00,2026-06-30,AUD,-0.08200632885001181,72.75641025641026
2026-07-10 22:30:00,2026-07-07,AUD,-0.12034446901682802,68.91025641025641
2026-07-17 22:30:00,2026-07-14,AUD,-0.1473205505212106,67.62820512820512
2026-07-24 22:30:00,2026-07-21,AUD,-0.16737507383867858,66.34615384615384
2026-07-31 22:30:00,2026-07-28,AUD,-0.173919855168332,65.7051282051282
2026-08-07 22:30:00,2026-08-04,AUD,-0.13801448757079532,67.62820512820512
2026-08-14 22:30:00,2026-08-11,AUD,-0.1467805794433093,66.98717948717949
2018-12-27 22:30:00,2018-12-24,CAD,-0.28073746034737274,8.653846153846153
2019-01-03 22:30:00,2018-12-31,CAD,-0.297641154623666,6.60377358490566
2019-01-11 22:30:00,2019-01-08,CAD,-0.3952097242597527,0.9259259259259259
2019-01-18 22:30:00,2019-01-15,CAD,-0.3823213930156528,2.727272727272727
2019-01-25 22:30:00,2019-01-22,CAD,-0.37147208794119596,4.464285714285714
2019-02-01 22:30:00,2019-01-29,CAD,-0.37308297937093937,4.385964912280702
2019-02-08 22:30:00,2019-02-05,CAD,-0.297001511961452,14.655172413793103
2019-02-15 22:30:00,2019-02-12,CAD,-0.2658955033576063,19.491525423728813
2019-02-22 22:30:00,2019-02-19,CAD,-0.25548310194923574,20.833333333333332
2019-03-01 22:30:00,2019-02-26,CAD,-0.26538907066067835,20.491803278688526
2019-03-08 22:30:00,2019-03-05,CAD,-0.27597030405589823,18.548387096774192
2019-03-15 22:30:00,2019-03-12,CAD,-0.256679108910272,23.015873015873016
2019-03-22 22:30:00,2019-03-19,CAD,-0.28558960318504084,16.40625
2019-03-29 22:30:00,2019-03-26,CAD,-0.27420640145241876,20.76923076923077
2019-04-05 22:30:00,2019-04-02,CAD,-0.2932579065766839,15.909090909090908
2019-04-12 22:30:00,2019-04-09,CAD,-0.28889156368694163,17.16417910447761
2019-04-19 22:30:00,2019-04-16,CAD,-0.3389524341393123,6.617647058823529
2019-04-26 22:30:00,2019-04-23,CAD,-0.31041582242905136,10.869565217391305
2019-05-03 22:30:00,2019-04-30,CAD,-0.30242939863487855,12.142857142857142
2019-05-10 22:30:00,2019-05-07,CAD,-0.3048764362876674,11.971830985915492
2019-05-17 22:30:00,2019-05-14,CAD,-0.3214145807724,9.027777777777779
2019-05-24 22:30:00,2019-05-21,CAD,-0.30022319841912964,17.123287671232877
2019-05-31 22:30:00,2019-05-28,CAD,-0.2806926357610236,27.7027027027027
2019-06-07 22:30:00,2019-06-04,CAD,-0.2747844969401856,30.0
2019-06-14 22:30:00,2019-06-11,CAD,-0.20626585935733488,46.71052631578947
2019-06-21 22:30:00,2019-06-18,CAD,-0.23676731241643087,39.61038961038961
2019-06-28 22:30:00,2019-06-25,CAD,-0.10753000879724886,64.74358974358974
2019-07-05 22:30:00,2019-07-02,CAD,0.0398296180964316,84.17721518987342
2019-07-12 22:30:00,2019-07-09,CAD,0.05596874582933961,84.375
2019-07-19 22:30:00,2019-07-16,CAD,0.11459119084319963,85.80246913580247
2019-07-26 22:30:00,2019-07-23,CAD,0.16409014018367424,95.73170731707317
2019-08-02 22:30:00,2019-07-30,CAD,0.11903900744199301,87.34939759036145
2019-08-09 22:30:00,2019-08-06,CAD,0.13996536485633365,91.07142857142857
2019-08-16 22:30:00,2019-08-13,CAD,0.08827497031598709,80.58823529411765
2019-08-23 22:30:00,2019-08-20,CAD,0.08365792462637242,79.65116279069767
2019-08-30 22:30:00,2019-08-27,CAD,0.06861899937704898,78.73563218390805
2019-09-06 22:30:00,2019-09-03,CAD,0.03195416855838849,75.56818181818181
2019-09-13 22:30:00,2019-09-10,CAD,0.06294726261622,78.08988764044943
2019-09-20 22:30:00,2019-09-17,CAD,0.10555659096355068,81.66666666666667
2019-09-27 22:30:00,2019-09-24,CAD,0.037328174154791616,74.17582417582418
2019-10-04 22:30:00,2019-10-01,CAD,0.04832094824228446,75.54347826086956
2019-10-11 22:30:00,2019-10-08,CAD,0.039036038352742365,73.65591397849462
2019-10-18 22:30:00,2019-10-15,CAD,0.08694048122136586,80.31914893617021
2019-10-25 22:30:00,2019-10-22,CAD,0.19607762543671647,97.36842105263158
2019-11-01 22:30:00,2019-10-29,CAD,0.22945081091324465,98.4375
2019-11-08 22:30:00,2019-11-05,CAD,0.27997428479588554,99.48453608247422
2019-11-15 22:30:00,2019-11-12,CAD,0.23180865788077223,97.44897959183673
2019-11-22 22:30:00,2019-11-19,CAD,0.16708246748360434,92.42424242424242
2019-11-29 22:30:00,2019-11-26,CAD,0.12156558111741858,83.5
2019-12-06 22:30:00,2019-12-03,CAD,0.11665217863740085,80.6930693069307
2019-12-13 22:30:00,2019-12-10,CAD,0.12256897866078868,83.82352941176471
2019-12-20 22:30:00,2019-12-17,CAD,0.059068500670333264,70.3883495145631
2019-12-27 22:30:00,2019-12-24,CAD,0.05355274601994126,68.75
2020-01-03 22:30:00,2019-12-31,CAD,0.06781619664590757,71.9047619047619
2020-01-10 22:30:00,2020-01-07,CAD,0.1387766058232805,87.26415094339623
2020-01-17 22:30:00,2020-01-14,CAD,0.17269711768447502,92.99065420560747
2020-01-24 22:30:00,2020-01-21,CAD,0.20304778468260196,94.9074074074074
2020-01-31 22:30:00,2020-01-28,CAD,0.18647000792457102,92.20183486238533
2020-02-07 22:30:00,2020-02-04,CAD,0.10668390804597701,74.0909090909091
2020-02-14 22:30:00,2020-02-11,CAD,0.05814371472734462,66.21621621621621
2020-02-21 22:30:00,2020-02-18,CAD,0.04746262856865293,62.94642857142857
2020-02-28 22:30:00,2020-02-25,CAD,0.08662532060964702,71.23893805309734
2020-03-06 22:30:00,2020-03-03,CAD,0.06590825550896823,67.98245614035088
2020-03-13 22:30:00,2020-03-10,CAD,-0.011356762124342277,57.82608695652174
2020-03-20 22:30:00,2020-03-17,CAD,-0.052545362215172246,53.87931034482759
2020-03-27 22:30:00,2020-03-24,CAD,-0.23541770643826573,27.77777777777778
2020-04-03 22:30:00,2020-03-31,CAD,-0.1784426849809994,38.559322033898304
2020-04-10 22:30:00,2020-04-07,CAD,-0.20789973026556505,31.51260504201681
2020-04-17 22:30:00,2020-04-14,CAD,-0.1983338620010351,34.583333333333336
2020-04-24 22:30:00,2020-04-21,CAD,-0.19709932102992253,35.12396694214876
2020-05-01 22:30:00,2020-04-28,CAD,-0.24684684684684685,25.0
2020-05-08 22:30:00,2020-05-05,CAD,-0.2686672254819782,19.91869918699187
2020-05-15 22:30:00,2020-05-12,CAD,-0.2677060762289026,20.56451612903226
2020-05-22 22:30:00,2020-05-19,CAD,-0.26945633709713374,19.6
2020-05-29 22:30:00,2020-05-26,CAD,-0.2614883441535938,23.41269841269841
2020-06-05 22:30:00,2020-06-02,CAD,-0.25793144244839505,24.015748031496063
2020-06-12 22:30:00,2020-06-09,CAD,-0.20611992462165551,35.546875
2020-06-19 22:30:00,2020-06-16,CAD,-0.20282681012940296,36.82170542635659
2020-06-26 22:30:00,2020-06-23,CAD,-0.1976435320456874,38.84615384615385
2020-07-03 22:30:00,2020-06-30,CAD,-0.1736000067683613,45.41984732824427
2020-07-10 22:30:00,2020-07-07,CAD,-0.13873261511556928,49.621212121212125
2020-07-17 22:30:00,2020-07-14,CAD,-0.133612156510341,50.0
2020-07-24 22:30:00,2020-07-21,CAD,-0.11627647869866162,50.37313432835821
2020-07-31 22:30:00,2020-07-28,CAD,-0.0896432491373559,55.18518518518518
2020-08-07 22:30:00,2020-08-04,CAD,-0.16918184404198364,45.955882352941174
2020-08-14 22:30:00,2020-08-11,CAD,-0.2158527230887241,30.291970802919707
2020-08-21 22:30:00,2020-08-18,CAD,-0.23719632768361582,26.44927536231884
2020-08-28 22:30:00,2020-08-25,CAD,-0.22629421798899327,29.85611510791367
2020-09-04 22:30:00,2020-09-01,CAD,-0.1921861656703672,40.357142857142854
2020-09-11 22:30:00,2020-09-08,CAD,-0.12610995654638202,51.41843971631206
2020-09-18 22:30:00,2020-09-15,CAD,-0.11504484868237898,52.46478873239437
2020-09-25 22:30:00,2020-09-22,CAD,-0.16061039093600082,48.6013986013986
2020-10-02 22:30:00,2020-09-29,CAD,-0.16641197238762712,48.263888888888886
2020-10-09 22:30:00,2020-10-06,CAD,-0.15856015744434096,49.310344827586206
2020-10-16 22:30:00,2020-10-13,CAD,-0.11122044015874577,53.76712328767123
2020-10-23 22:30:00,2020-10-20,CAD,-0.154746645465903,49.31972789115646
2020-10-30 22:30:00,2020-10-27,CAD,-0.14761893090855616,49.66216216216216
2020-11-06 22:30:00,2020-11-03,CAD,-0.16563110527495756,47.31543624161074
2020-11-13 22:30:00,2020-11-10,CAD,-0.1564533622559653,49.0
2020-11-20 22:30:00,2020-11-17,CAD,-0.1490257221075439,50.0
2020-11-27 22:30:00,2020-11-24,CAD,-0.11962534529160719,53.61842105263158
2020-12-04 22:30:00,2020-12-01,CAD,-0.14372509353666704,51.30718954248366
2020-12-11 22:30:00,2020-12-08,CAD,-0.12676891478033364,52.922077922077925
2020-12-18 22:30:00,2020-12-15,CAD,-0.08008969066911277,62.25806451612903
2020-12-24 22:30:00,2020-12-21,CAD,0.06440097830737498,75.96153846153847
2021-01-01 22:30:00,2020-12-29,CAD,0.09949243836751606,81.08974358974359
2021-01-08 22:30:00,2021-01-05,CAD,0.0930286182777792,81.08974358974359
2021-01-15 22:30:00,2021-01-12,CAD,0.07705760331897239,78.52564102564102
2021-01-22 22:30:00,2021-01-19,CAD,0.06695152077079186,77.24358974358974
2021-01-29 22:30:00,2021-01-26,CAD,0.08152946191739295,79.8076923076923
2021-02-05 22:30:00,2021-02-02,CAD,0.10177357655464576,84.2948717948718
2021-02-12 22:30:00,2021-02-09,CAD,0.06013101594153508,75.32051282051282
2021-02-19 22:30:00,2021-02-16,CAD,0.051260155965491695,72.75641025641026
2021-02-26 22:30:00,2021-02-23,CAD,0.05472589112352278,74.03846153846153
2021-03-05 22:30:00,2021-03-02,CAD,0.09085951069720018,84.93589743589743
2021-03-12 22:30:00,2021-03-09,CAD,0.06344538300650573,77.88461538461539
2021-03-19 22:30:00,2021-03-16,CAD,0.05490231742023838,74.67948717948718
2021-03-26 22:30:00,2021-03-23,CAD,0.03146697909601036,68.26923076923077
2021-04-02 22:30:00,2021-03-30,CAD,0.039695735053197644,70.1923076923077
2021-04-09 22:30:00,2021-04-06,CAD,0.01619330837115785,66.98717948717949
2021-04-16 22:30:00,2021-04-13,CAD,0.014477753842080561,66.34615384615384
2021-04-23 22:30:00,2021-04-20,CAD,0.07650235351872708,81.73076923076923
2021-04-30 22:30:00,2021-04-27,CAD,0.08697191474296209,84.93589743589743
2021-05-07 22:30:00,2021-05-04,CAD,0.1318331241711844,92.62820512820512
2021-05-14 22:30:00,2021-05-11,CAD,0.19127528409794262,96.47435897435898
2021-05-21 22:30:00,2021-05-18,CAD,0.22173175035943893,97.75641025641026
2021-05-28 22:30:00,2021-05-25,CAD,0.21020658986002178,97.11538461538461
2021-06-04 22:30:00,2021-06-01,CAD,0.2130181649829444,97.11538461538461
2021-06-11 22:30:00,2021-06-08,CAD,0.20577315464910725,95.83333333333333
2021-06-18 22:30:00,2021-06-15,CAD,0.174961255021033,92.62820512820512
2021-06-25 22:30:00,2021-06-22,CAD,0.21315468940316687,97.11538461538461
2021-07-02 22:30:00,2021-06-29,CAD,0.23257738869028274,99.03846153846153
2021-07-09 22:30:00,2021-07-06,CAD,0.20371433094550204,93.91025641025641
2021-07-16 22:30:00,2021-07-13,CAD,0.1327334762523023,86.85897435897436
2021-07-23 22:30:00,2021-07-20,CAD,0.06822215648572696,72.75641025641026
2021-07-30 22:30:00,2021-07-27,CAD,0.030761129014716573,58.01282051282051
2021-08-06 22:30:00,2021-08-03,CAD,0.04372571200815901,61.85897435897436
2021-08-13 22:30:00,2021-08-10,CAD,0.037674386079416325,59.294871794871796
2021-08-20 22:30:00,2021-08-17,CAD,0.014989293361884369,55.44871794871795
2021-08-27 22:30:00,2021-08-24,CAD,0.034270819362400645,58.01282051282051
2021-09-03 22:30:00,2021-08-31,CAD,-0.016709790599569348,52.88461538461539
2021-09-10 22:30:00,2021-09-07,CAD,-0.03524802646241188,50.96153846153846
2021-09-17 22:30:00,2021-09-14,CAD,-0.05283197122498691,48.3974358974359
2021-09-24 22:30:00,2021-09-21,CAD,-0.23519337203023757,21.474358974358974
2021-10-01 22:30:00,2021-09-28,CAD,-0.1713871902156421,29.807692307692307
2021-10-08 22:30:00,2021-10-05,CAD,-0.223570334864523,22.756410256410255
2021-10-15 22:30:00,2021-10-12,CAD,-0.2179508241607798,23.397435897435898
2021-10-22 22:30:00,2021-10-19,CAD,-0.07097562243359842,47.11538461538461
2021-10-29 22:30:00,2021-10-26,CAD,0.020818310079949835,55.44871794871795
2021-11-05 22:30:00,2021-11-02,CAD,0.026646350051858586,55.44871794871795
2021-11-12 22:30:00,2021-11-09,CAD,0.032988624612202685,57.37179487179487
2021-11-19 22:30:00,2021-11-16,CAD,0.058467322345674866,66.98717948717949
2021-11-26 22:30:00,2021-11-23,CAD,-0.02086175345200466,49.67948717948718
2021-12-03 22:30:00,2021-11-30,CAD,-0.09486099410278012,43.91025641025641
2021-12-10 22:30:00,2021-12-07,CAD,-0.060343826977392025,46.47435897435897
2021-12-17 22:30:00,2021-12-14,CAD,-0.0703393735466518,46.47435897435897
2021-12-24 22:30:00,2021-12-21,CAD,-0.06785424767453044,46.47435897435897
2021-12-31 22:30:00,2021-12-28,CAD,-0.07451042597986907,44.55128205128205
2022-01-07 22:30:00,2022-01-04,CAD,-0.08128552785826458,43.26923076923077
2022-01-14 22:30:00,2022-01-11,CAD,-0.05322903060524929,47.11538461538461
2022-01-21 22:30:00,2022-01-18,CAD,0.05225603504195409,63.14102564102564
2022-01-28 22:30:00,2022-01-25,CAD,0.08410493827160494,75.96153846153847
2022-02-04 22:30:00,2022-02-01,CAD,0.1258874291779821,85.57692307692308
2022-02-11 22:30:00,2022-02-08,CAD,0.10251501294694507,80.44871794871794
2022-02-18 22:30:00,2022-02-15,CAD,0.08403825570555537,74.03846153846153
2022-02-25 22:30:00,2022-02-22,CAD,0.06594918213891166,68.26923076923077
2022-03-04 22:30:00,2022-03-01,CAD,0.0985317789376128,78.52564102564102
2022-03-11 22:30:00,2022-03-08,CAD,0.051169483018236574,58.01282051282051
2022-03-18 22:30:00,2022-03-15,CAD,0.12331176188457074,84.93589743589743
2022-03-25 22:30:00,2022-03-22,CAD,-0.03980981545652349,42.62820512820513
2022-04-01 22:30:00,2022-03-29,CAD,-0.010412356448538539,45.19230769230769
2022-04-08 22:30:00,2022-04-05,CAD,0.043938259224940025,55.44871794871795
2022-04-15 22:30:00,2022-04-12,CAD,0.07824184310444687,70.83333333333333
2022-04-22 22:30:00,2022-04-19,CAD,0.1384587285227851,86.85897435897436
2022-04-29 22:30:00,2022-04-26,CAD,0.1344022347807057,86.21794871794872
2022-05-06 22:30:00,2022-05-03,CAD,0.05909843630341866,61.217948717948715
2022-05-13 22:30:00,2022-05-10,CAD,-0.03580581289856896,38.782051282051285
2022-05-20 22:30:00,2022-05-17,CAD,-0.0956295147936801,29.807692307692307
2022-05-27 22:30:00,2022-05-24,CAD,-0.09159759725070032,30.44871794871795
2022-06-03 22:30:00,2022-05-31,CAD,-0.051548970418380184,37.5
2022-06-10 22:30:00,2022-06-07,CAD,-0.006345109426251546,41.98717948717949
2022-06-17 22:30:00,2022-06-14,CAD,0.13241714654232703,84.93589743589743
2022-06-24 22:30:00,2022-06-21,CAD,0.029311588252515227,44.55128205128205
2022-07-01 22:30:00,2022-06-28,CAD,0.06380098748807721,62.5
2022-07-08 22:30:00,2022-07-05,CAD,0.029531133918498747,45.19230769230769
2022-07-15 22:30:00,2022-07-12,CAD,0.02516206379175431,43.91025641025641
2022-07-22 22:30:00,2022-07-19,CAD,0.04687939472351915,53.52564102564103
2022-07-29 22:30:00,2022-07-26,CAD,0.10936871454134357,81.08974358974359
2022-08-05 22:30:00,2022-08-02,CAD,0.13896541798593692,88.78205128205128
2022-08-12 22:30:00,2022-08-09,CAD,0.1477451512746613,88.78205128205128
2022-08-19 22:30:00,2022-08-16,CAD,0.18203067833816636,90.7051282051282
2022-08-26 22:30:00,2022-08-23,CAD,0.15212365327307856,88.14102564102564
2022-09-02 22:30:00,2022-08-30,CAD,0.15287200075870136,88.14102564102564
2022-09-09 22:30:00,2022-09-06,CAD,0.11154222224990192,78.52564102564102
2022-09-16 22:30:00,2022-09-13,CAD,0.08307924790713846,69.55128205128206
2022-09-23 22:30:00,2022-09-20,CAD,0.012824831268635303,41.34615384615385
2022-09-30 22:30:00,2022-09-27,CAD,-0.12538949101775157,24.03846153846154
2022-10-07 22:30:00,2022-10-04,CAD,-0.15096721415524791,19.55128205128205
2022-10-14 22:30:00,2022-10-11,CAD,-0.17827777777777779,13.782051282051283
2022-10-21 22:30:00,2022-10-18,CAD,-0.14050196346252347,22.756410256410255
2022-10-28 22:30:00,2022-10-25,CAD,-0.12658889810831353,25.32051282051282
2022-11-04 22:30:00,2022-11-01,CAD,-0.119922538560848,27.243589743589745
2022-11-11 22:30:00,2022-11-08,CAD,-0.12513300125376978,27.243589743589745
2022-11-18 22:30:00,2022-11-15,CAD,-0.09244882041888189,32.37179487179487
2022-11-25 22:30:00,2022-11-22,CAD,-0.08652270924603969,34.294871794871796
2022-12-02 22:30:00,2022-11-29,CAD,-0.11793288158414682,29.166666666666668
2022-12-09 22:30:00,2022-12-06,CAD,-0.14836356797926,21.474358974358974
2022-12-16 22:30:00,2022-12-13,CAD,-0.16081873070771338,17.628205128205128
2022-12-23 22:30:00,2022-12-20,CAD,-0.14907357746728078,21.474358974358974
2022-12-30 22:30:00,2022-12-27,CAD,-0.21369108606557377,8.653846153846153
2023-01-06 22:30:00,2023-01-03,CAD,-0.19256807798841685,13.14102564102564
2023-01-13 22:30:00,2023-01-10,CAD,-0.2312007050669216,6.089743589743589
2023-01-20 22:30:00,2023-01-17,CAD,-0.2059676907500038,11.217948717948717
2023-01-27 22:30:00,2023-01-24,CAD,-0.22339899327882684,8.012820512820513
2023-02-03 22:30:00,2023-01-31,CAD,-0.21534312641349249,9.935897435897436
2023-02-10 22:30:00,2023-02-07,CAD,-0.2211654781080196,8.653846153846153
2023-02-17 22:30:00,2023-02-14,CAD,-0.23812047578475637,4.166666666666667
2023-02-24 22:30:00,2023-02-21,CAD,-0.24689919418549533,3.5256410256410255
2023-03-03 22:30:00,2023-02-28,CAD,-0.21850185042732453,10.576923076923077
2023-03-10 22:30:00,2023-03-07,CAD,-0.14327628841700357,31.08974358974359
2023-03-17 22:30:00,2023-03-14,CAD,-0.12975562656236575,33.65384615384615
2023-03-24 22:30:00,2023-03-21,CAD,-0.318887672924208,0.32051282051282054
2023-03-31 22:30:00,2023-03-28,CAD,-0.32184708794227423,0.32051282051282054
2023-04-07 22:30:00,2023-04-04,CAD,-0.34592462959240383,0.32051282051282054
2023-04-14 22:30:00,2023-04-11,CAD,-0.34316300227445035,0.9615384615384616
2023-04-21 22:30:00,2023-04-18,CAD,-0.3110442820812982,2.8846153846153846
2023-04-28 22:30:00,2023-04-25,CAD,-0.28850486869671776,3.5256410256410255
2023-05-05 22:30:00,2023-05-02,CAD,-0.2928665801442819,3.5256410256410255
2023-05-12 22:30:00,2023-05-09,CAD,-0.26519791169900353,5.448717948717949
2023-05-19 22:30:00,2023-05-16,CAD,-0.26669561710971185,4.8076923076923075
2023-05-26 22:30:00,2023-05-23,CAD,-0.304813472446435,3.5256410256410255
2023-06-02 22:30:00,2023-05-30,CAD,-0.1663080763436018,22.756410256410255
2023-06-09 22:30:00,2023-06-06,CAD,-0.22811486385954471,9.935897435897436
2023-06-16 22:30:00,2023-06-13,CAD,-0.21926425564485266,13.14102564102564
2023-06-23 22:30:00,2023-06-20,CAD,-0.1821939534833194,18.91025641025641
2023-06-30 22:30:00,2023-06-27,CAD,-0.01696682916363723,53.52564102564103
2023-07-06 22:30:00,2023-07-03,CAD,0.028966496890276677,59.93589743589744
2023-07-14 22:30:00,2023-07-11,CAD,0.03165354891555967,62.5
2023-07-21 22:30:00,2023-07-18,CAD,0.003564318503670359,54.166666666666664
2023-07-28 22:30:00,2023-07-25,CAD,0.03535918667476582,63.782051282051285
2023-08-04 22:30:00,2023-08-01,CAD,0.04170871394309529,65.06410256410257
2023-08-11 22:30:00,2023-08-08,CAD,-0.004419693530079455,52.243589743589745
2023-08-18 22:30:00,2023-08-15,CAD,-0.07230068365995679,41.98717948717949
2023-08-25 22:30:00,2023-08-22,CAD,-0.07264651182386682,41.34615384615385
2023-09-01 22:30:00,2023-08-29,CAD,-0.08902105643667255,38.14102564102564
2023-09-08 22:30:00,2023-09-05,CAD,-0.13161974058842138,28.525641025641026
2023-09-15 22:30:00,2023-09-12,CAD,-0.19293808734107243,15.705128205128204
2023-09-22 22:30:00,2023-09-19,CAD,-0.19456181359303537,15.705128205128204
2023-09-29 22:30:00,2023-09-26,CAD,-0.18593330603703198,17.628205128205128
2023-10-06 22:30:00,2023-10-03,CAD,-0.21194237844628727,15.064102564102564
2023-10-13 22:30:00,2023-10-10,CAD,-0.25919813556203547,6.730769230769231
2023-10-20 22:30:00,2023-10-17,CAD,-0.26388783176940056,6.730769230769231
2023-10-27 22:30:00,2023-10-24,CAD,-0.2632735578926857,7.371794871794871
2023-11-03 22:30:00,2023-10-31,CAD,-0.24848887814313347,8.653846153846153
2023-11-10 22:30:00,2023-11-07,CAD,-0.33798985845760715,1.6025641025641026
2023-11-17 22:30:00,2023-11-14,CAD,-0.3416858371431622,1.6025641025641026
2023-11-24 22:30:00,2023-11-21,CAD,-0.3219711879083681,2.8846153846153846
2023-12-01 22:30:00,2023-11-28,CAD,-0.3148498486538155,4.8076923076923075
2023-12-08 22:30:00,2023-12-05,CAD,-0.29247033484840057,7.371794871794871
2023-12-15 22:30:00,2023-12-12,CAD,-0.2583075002454728,11.85897435897436
2023-12-22 22:30:00,2023-12-19,CAD,-0.2536069193104961,12.5
2023-12-29 22:30:00,2023-12-26,CAD,-0.19677306009566342,23.397435897435898
2024-01-05 22:30:00,2024-01-02,CAD,-0.11454606561287105,37.5
2024-01-12 22:30:00,2024-01-09,CAD,-0.0430177725187547,49.03846153846154
2024-01-19 22:30:00,2024-01-16,CAD,-0.08065157411535079,42.62820512820513
2024-01-26 22:30:00,2024-01-23,CAD,-0.054474081140661865,47.756410256410255
2024-02-02 22:30:00,2024-01-30,CAD,-0.014983435398052405,54.80769230769231
2024-02-09 22:30:00,2024-02-06,CAD,-0.0483143681534868,50.32051282051282
2024-02-16 22:30:00,2024-02-13,CAD,-0.03394027947176493,53.52564102564103
2024-02-23 22:30:00,2024-02-20,CAD,-0.0054735960828587015,58.01282051282051
2024-03-01 22:30:00,2024-02-27,CAD,-0.008277071670550924,57.37179487179487
2024-03-08 22:30:00,2024-03-05,CAD,-0.10798761003173704,38.14102564102564
2024-03-15 22:30:00,2024-03-12,CAD,-0.15978429069003172,29.807692307692307
2024-03-22 22:30:00,2024-03-19,CAD,-0.1610983902303636,29.166666666666668
2024-03-29 22:30:00,2024-03-26,CAD,-0.26330532212885155,10.576923076923077
2024-04-05 22:30:00,2024-04-02,CAD,-0.25978972566959646,11.85897435897436
2024-04-12 22:30:00,2024-04-09,CAD,-0.2766578221844489,8.653846153846153
2024-04-19 22:30:00,2024-04-16,CAD,-0.3486565681230686,0.32051282051282054
2024-04-26 22:30:00,2024-04-23,CAD,-0.3371599183230649,3.5256410256410255
2024-05-03 22:30:00,2024-04-30,CAD,-0.2987450072085273,8.012820512820513
2024-05-10 22:30:00,2024-05-07,CAD,-0.31942060283884305,5.448717948717949
2024-05-17 22:30:00,2024-05-14,CAD,-0.36362524904908533,0.32051282051282054
2024-05-24 22:30:00,2024-05-21,CAD,-0.3873240337582253,0.32051282051282054
2024-05-31 22:30:00,2024-05-28,CAD,-0.3274760685473958,5.448717948717949
2024-06-07 22:30:00,2024-06-04,CAD,-0.34481733587697216,2.8846153846153846
2024-06-14 22:30:00,2024-06-11,CAD,-0.4212702554109315,0.32051282051282054
2024-06-21 22:30:00,2024-06-18,CAD,-0.42090662326650696,0.9615384615384616
2024-06-28 22:30:00,2024-06-25,CAD,-0.4396398467157741,0.32051282051282054
2024-07-05 22:30:00,2024-07-02,CAD,-0.45680450913783616,0.32051282051282054
2024-07-12 22:30:00,2024-07-09,CAD,-0.4322471316190417,1.6025641025641026
2024-07-19 22:30:00,2024-07-16,CAD,-0.47153316888599384,0.32051282051282054
2024-07-26 22:30:00,2024-07-23,CAD,-0.511913812546724,0.32051282051282054
2024-08-02 22:30:00,2024-07-30,CAD,-0.5577935291710245,0.32051282051282054
2024-08-09 22:30:00,2024-08-06,CAD,-0.5419909286225829,0.9615384615384616
2024-08-16 22:30:00,2024-08-13,CAD,-0.555783851692778,0.9615384615384616
2024-08-23 22:30:00,2024-08-20,CAD,-0.5234770260417164,2.2435897435897436
2024-08-30 22:30:00,2024-08-27,CAD,-0.37157690995504,8.012820512820513
2024-09-06 22:30:00,2024-09-03,CAD,-0.26785777090001056,22.115384615384617
2024-09-13 22:30:00,2024-09-10,CAD,-0.27448459251061863,22.115384615384617
2024-09-20 22:30:00,2024-09-17,CAD,-0.28514294178640204,21.474358974358974
2024-09-27 22:30:00,2024-09-24,CAD,-0.30769266855566607,18.26923076923077
2024-10-04 22:30:00,2024-10-01,CAD,-0.32402195848993726,14.423076923076923
2024-10-11 22:30:00,2024-10-08,CAD,-0.3968528122148278,7.371794871794871
2024-10-18 22:30:00,2024-10-15,CAD,-0.4127410744696277,7.371794871794871
2024-10-25 22:30:00,2024-10-22,CAD,-0.45618092701740953,4.8076923076923075
2024-11-01 22:30:00,2024-10-29,CAD,-0.5076573368288654,3.5256410256410255
2024-11-08 22:30:00,2024-11-05,CAD,-0.5207910434009874,2.8846153846153846
2024-11-15 22:30:00,2024-11-12,CAD,-0.5324340182801695,2.2435897435897436
2024-11-22 22:30:00,2024-11-19,CAD,-0.5269524678918571,2.8846153846153846
2024-11-29 22:30:00,2024-11-26,CAD,-0.4776440667452391,6.089743589743589
2024-12-06 22:30:00,2024-12-03,CAD,-0.4913158097587297,6.089743589743589
2024-12-13 22:30:00,2024-12-10,CAD,-0.44478797396253134,9.294871794871796
2024-12-20 22:30:00,2024-12-17,CAD,-0.37491350763604014,14.423076923076923
2024-12-27 22:30:00,2024-12-24,CAD,-0.5108370767354065,5.448717948717949
2025-01-03 22:30:00,2024-12-31,CAD,-0.4967909388553689,6.730769230769231
2025-01-10 22:30:00,2025-01-07,CAD,-0.49995520842081687,6.730769230769231
2025-01-17 22:30:00,2025-01-14,CAD,-0.4770851944982775,9.294871794871796
2025-01-24 22:30:00,2025-01-21,CAD,-0.4546775822817254,11.85897435897436
2025-01-31 22:30:00,2025-01-28,CAD,-0.4457776744214141,12.5
2025-02-07 22:30:00,2025-02-04,CAD,-0.4623959606206626,10.576923076923077
2025-02-14 22:30:00,2025-02-11,CAD,-0.46147915398242,11.217948717948717
2025-02-21 22:30:00,2025-02-18,CAD,-0.4475409582450224,13.782051282051283
2025-02-28 22:30:00,2025-02-25,CAD,-0.4316401298307005,16.987179487179485
2025-03-07 22:30:00,2025-03-04,CAD,-0.4225819915465966,17.628205128205128
2025-03-14 22:30:00,2025-03-11,CAD,-0.4189490530180453,19.55128205128205
2025-03-21 22:30:00,2025-03-18,CAD,-0.39255371739305384,21.474358974358974
2025-03-28 22:30:00,2025-03-25,CAD,-0.46076848103697277,11.85897435897436
2025-04-04 22:30:00,2025-04-01,CAD,-0.4671289476520677,10.576923076923077
2025-04-11 22:30:00,2025-04-08,CAD,-0.4617037670901368,11.85897435897436
2025-04-18 22:30:00,2025-04-15,CAD,-0.33613378012217215,31.08974358974359
2025-04-25 22:30:00,2025-04-22,CAD,-0.26905220655095474,42.62820512820513
2025-05-02 22:30:00,2025-04-29,CAD,-0.2696213145468332,42.62820512820513
2025-05-09 22:30:00,2025-05-06,CAD,-0.27692952987248187,41.34615384615385
2025-05-16 22:30:00,2025-05-13,CAD,-0.31261439176873934,36.217948717948715
2025-05-23 22:30:00,2025-05-20,CAD,-0.3893599952014635,24.03846153846154
2025-05-30 22:30:00,2025-05-27,CAD,-0.3947012521274009,23.397435897435898
2025-06-06 22:30:00,2025-06-03,CAD,-0.40159086953462625,22.756410256410255
2025-06-13 22:30:00,2025-06-10,CAD,-0.3228784270496435,34.93589743589744
2025-06-20 22:30:00,2025-06-17,CAD,-0.22500941312953485,57.37179487179487
2025-06-27 22:30:00,2025-06-24,CAD,-0.26425738342097677,49.67948717948718
2025-07-04 22:30:00,2025-07-01,CAD,-0.3118264245521783,39.42307692307692
2025-07-11 22:30:00,2025-07-08,CAD,-0.35568182947060983,28.525641025641026
2025-07-18 22:30:00,2025-07-15,CAD,-0.36549921073401737,27.884615384615383
2025-07-25 22:30:00,2025-07-22,CAD,-0.3501480873092909,29.807692307692307
2025-08-01 22:30:00,2025-07-29,CAD,-0.3786586211679845,26.602564102564102
2025-08-08 22:30:00,2025-08-05,CAD,-0.36965496697680694,28.525641025641026
2025-08-15 22:30:00,2025-08-12,CAD,-0.4073873067129787,22.756410256410255
2025-08-22 22:30:00,2025-08-19,CAD,-0.4214408287640531,20.192307692307693
2025-08-29 22:30:00,2025-08-26,CAD,-0.4622545998767497,11.85897435897436
2025-09-05 22:30:00,2025-09-02,CAD,-0.4836456271469275,8.653846153846153
2025-09-12 22:30:00,2025-09-09,CAD,-0.43688428585181144,19.55128205128205
2025-09-19 22:30:00,2025-09-16,CAD,-0.40164213950316097,25.96153846153846
2025-09-26 22:30:00,2025-09-23,CAD,-0.5410630296061003,2.2435897435897436
2025-10-03 22:30:00,2025-09-30,CAD,-0.499206881190386,8.012820512820513
2025-10-10 22:30:00,2025-10-07,CAD,-0.5225504135516519,4.8076923076923075
2025-10-17 22:30:00,2025-10-14,CAD,-0.5097471880973904,7.371794871794871
2025-10-24 22:30:00,2025-10-21,CAD,-0.5326647553951817,2.8846153846153846
2025-10-31 22:30:00,2025-10-28,CAD,-0.5382744394618834,2.8846153846153846
2025-11-07 22:30:00,2025-11-04,CAD,-0.5444764544449148,1.6025641025641026
2025-11-13 22:30:00,2025-11-10,CAD,-0.5443103537577044,2.2435897435897436
2025-11-21 22:30:00,2025-11-18,CAD,-0.5355567528735632,4.8076923076923075
2025-11-28 22:30:00,2025-11-25,CAD,-0.5369780659164906,4.8076923076923075
2025-12-05 22:30:00,2025-12-02,CAD,-0.5456314068880751,1.6025641025641026
2025-12-12 22:30:00,2025-12-09,CAD,-0.5185255768894818,10.576923076923077
2025-12-19 22:30:00,2025-12-16,CAD,-0.35446165930932344,42.62820512820513
2025-12-26 22:30:00,2025-12-23,CAD,-0.2830149438464426,60.57692307692308
2026-01-02 22:30:00,2025-12-30,CAD,-0.1918397886073372,81.73076923076923
2026-01-09 22:30:00,2026-01-06,CAD,-0.1855399103959038,82.37179487179488
2026-01-16 22:30:00,2026-01-13,CAD,-0.1926909692925847,80.44871794871794
2026-01-23 22:30:00,2026-01-20,CAD,-0.1956254067238772,78.52564102564102
2026-01-30 22:30:00,2026-01-27,CAD,-0.0706237566240031,90.7051282051282
2026-02-06 22:30:00,2026-02-03,CAD,0.009849619887908551,97.11538461538461
2026-02-13 22:30:00,2026-02-10,CAD,0.06173821249366388,99.67948717948718
2026-02-20 22:30:00,2026-02-17,CAD,0.11824279467985258,99.67948717948718
2026-02-27 22:30:00,2026-02-24,CAD,0.12391153925647684,99.67948717948718
2026-03-06 22:30:00,2026-03-03,CAD,0.09056373234437451,98.3974358974359
2026-03-13 22:30:00,2026-03-10,CAD,0.1253814252822547,99.67948717948718
2026-03-20 22:30:00,2026-03-17,CAD,0.0035761423675999887,93.26923076923077
2026-03-27 22:30:00,2026-03-24,CAD,-0.008763772032516767,90.06410256410257
2026-04-03 22:30:00,2026-03-31,CAD,-0.15055853697860286,80.44871794871794
2026-04-10 22:30:00,2026-04-07,CAD,-0.2311587430161796,69.55128205128206
2026-04-17 22:30:00,2026-04-14,CAD,-0.30190775212336746,54.166666666666664
2026-04-24 22:30:00,2026-04-21,CAD,-0.2306058135524129,69.55128205128206
2026-05-01 22:30:00,2026-04-28,CAD,-0.15227225056296725,79.8076923076923
2026-05-08 22:30:00,2026-05-05,CAD,-0.060128879828378994,85.57692307692308
2026-05-15 22:30:00,2026-05-12,CAD,-0.06458899179614025,84.93589743589743
2026-05-22 22:30:00,2026-05-19,CAD,-0.1066352086370729,81.08974358974359
2026-05-29 22:30:00,2026-05-26,CAD,-0.23119109631340118,66.34615384615384
2026-06-05 22:30:00,2026-06-02,CAD,-0.30768400851344857,53.52564102564103
2026-06-12 22:30:00,2026-06-09,CAD,-0.31268223663467726,51.6025641025641
2026-06-19 22:30:00,2026-06-16,CAD,-0.2698672807167166,59.93589743589744
2026-06-26 22:30:00,2026-06-23,CAD,-0.42813976550195415,29.166666666666668
2026-07-03 22:30:00,2026-06-30,CAD,-0.43522655122655124,27.884615384615383
2026-07-10 22:30:00,2026-07-07,CAD,-0.47582088075482276,18.26923076923077
2026-07-17 22:30:00,2026-07-14,CAD,-0.4779903034772989,16.987179487179485
2026-07-24 22:30:00,2026-07-21,CAD,-0.47715666618344144,18.26923076923077
2026-07-31 22:30:00,2026-07-28,CAD,-0.47338279003455525,20.192307692307693
2026-08-07 22:30:00,2026-08-04,CAD,-0.4905596809492636,16.346153846153847
2026-08-14 22:30:00,2026-08-11,CAD,-0.4761331927141696,20.192307692307693
2018-12-27 22:30:00,2018-12-24,CHF,-0.32992038013887515,39.42307692307692
2019-01-03 22:30:00,2018-12-31,CHF,-0.37693784142920417,27.358490566037737
2019-01-11 22:30:00,2019-01-08,CHF,-0.34554396423248884,34.25925925925926
2019-01-18 22:30:00,2019-01-15,CHF,-0.2446139820546039,68.18181818181819
2019-01-25 22:30:00,2019-01-22,CHF,-0.2599572073856882,58.035714285714285
2019-02-01 22:30:00,2019-01-29,CHF,-0.2781367300473817,51.75438596491228
2019-02-08 22:30:00,2019-02-05,CHF,-0.2648168182216894,57.758620689655174
2019-02-15 22:30:00,2019-02-12,CHF,-0.28716638431416114,46.610169491525426
2019-02-22 22:30:00,2019-02-19,CHF,-0.31295234010614914,40.833333333333336
2019-03-01 22:30:00,2019-02-26,CHF,-0.33674296265791676,35.24590163934426
2019-03-08 22:30:00,2019-03-05,CHF,-0.30273420328807726,44.354838709677416
2019-03-15 22:30:00,2019-03-12,CHF,-0.27234375730379096,56.34920634920635
2019-03-22 22:30:00,2019-03-19,CHF,-0.35824022346368717,25.78125
2019-03-29 22:30:00,2019-03-26,CHF,-0.3762803457450475,23.846153846153847
2019-04-05 22:30:00,2019-04-02,CHF,-0.3567925886683782,29.545454545454547
2019-04-12 22:30:00,2019-04-09,CHF,-0.3795460981431288,21.64179104477612
2019-04-19 22:30:00,2019-04-16,CHF,-0.39765682206492553,19.852941176470587
2019-04-26 22:30:00,2019-04-23,CHF,-0.39883121712798175,19.565217391304348
2019-05-03 22:30:00,2019-04-30,CHF,-0.3869278246140067,23.571428571428573
2019-05-10 22:30:00,2019-05-07,CHF,-0.38957625867414736,21.830985915492956
2019-05-17 22:30:00,2019-05-14,CHF,-0.4266277110746199,15.972222222222221
2019-05-24 22:30:00,2019-05-21,CHF,-0.4247137047902767,17.123287671232877
2019-05-31 22:30:00,2019-05-28,CHF,-0.40479803875788,20.945945945945947
2019-06-07 22:30:00,2019-06-04,CHF,-0.4353415496783072,15.333333333333334
2019-06-14 22:30:00,2019-06-11,CHF,-0.3434335037477313,41.44736842105263
2019-06-21 22:30:00,2019-06-18,CHF,-0.26261427044995844,68.18181818181819
2019-06-28 22:30:00,2019-06-25,CHF,-0.29567635450304985,55.76923076923077
2019-07-05 22:30:00,2019-07-02,CHF,-0.21159831383209235,86.70886075949367
2019-07-12 22:30:00,2019-07-09,CHF,-0.20114188720006174,91.875
2019-07-19 22:30:00,2019-07-16,CHF,-0.22473804187498803,82.09876543209876
2019-07-26 22:30:00,2019-07-23,CHF,-0.24720343270437894,71.34146341463415
2019-08-02 22:30:00,2019-07-30,CHF,-0.25063575815240896,69.27710843373494
2019-08-09 22:30:00,2019-08-06,CHF,-0.2897066083644827,52.976190476190474
2019-08-16 22:30:00,2019-08-13,CHF,-0.2386717526305121,78.23529411764706
2019-08-23 22:30:00,2019-08-20,CHF,-0.20234433301177626,91.27906976744185
2019-08-30 22:30:00,2019-08-27,CHF,-0.0687770357097609,99.42528735632185
2019-09-06 22:30:00,2019-09-03,CHF,-0.09593047135557856,98.29545454545455
2019-09-13 22:30:00,2019-09-10,CHF,-0.045071300553261126,99.43820224719101
2019-09-20 22:30:00,2019-09-17,CHF,-0.08680244632004115,97.22222222222223
2019-09-27 22:30:00,2019-09-24,CHF,-0.18533740822706993,90.65934065934066
2019-10-04 22:30:00,2019-10-01,CHF,-0.17614989921202126,91.84782608695652
2019-10-11 22:30:00,2019-10-08,CHF,-0.1703811095516449,91.93548387096774
2019-10-18 22:30:00,2019-10-15,CHF,-0.19711872519802973,85.63829787234043
2019-10-25 22:30:00,2019-10-22,CHF,-0.18395300150927474,88.94736842105263
2019-11-01 22:30:00,2019-10-29,CHF,-0.18998052106160215,85.9375
2019-11-08 22:30:00,2019-11-05,CHF,-0.20857711296146195,78.8659793814433
2019-11-15 22:30:00,2019-11-12,CHF,-0.22213733729027707,73.9795918367347
2019-11-22 22:30:00,2019-11-19,CHF,-0.23733931372117908,68.18181818181819
2019-11-29 22:30:00,2019-11-26,CHF,-0.2712822369952663,51.5
2019-12-06 22:30:00,2019-12-03,CHF,-0.2814619299597136,47.02970297029703
2019-12-13 22:30:00,2019-12-10,CHF,-0.27580964970257765,49.509803921568626
2019-12-20 22:30:00,2019-12-17,CHF,-0.17968521823787117,89.80582524271844
2019-12-27 22:30:00,2019-12-24,CHF,-0.16011579818031432,92.78846153846153
2020-01-03 22:30:00,2019-12-31,CHF,-0.10312713910004684,95.71428571428571
2020-01-10 22:30:00,2020-01-07,CHF,-0.09052972753975488,96.69811320754717
2020-01-17 22:30:00,2020-01-14,CHF,-0.003908953947636304,99.53271028037383
2020-01-24 22:30:00,2020-01-21,CHF,0.030495552731893267,99.53703703703704
2020-01-31 22:30:00,2020-01-28,CHF,0.06798211508553655,99.54128440366972
2020-02-07 22:30:00,2020-02-04,CHF,0.09866613178216829,99.54545454545455
2020-02-14 22:30:00,2020-02-11,CHF,0.0731953754979112,98.64864864864865
2020-02-21 22:30:00,2020-02-18,CHF,0.02934120335110434,95.98214285714286
2020-02-28 22:30:00,2020-02-25,CHF,0.010770737166037207,95.13274336283186
2020-03-06 22:30:00,2020-03-03,CHF,-0.059556176059960324,92.54385964912281
2020-03-13 22:30:00,2020-03-10,CHF,0.011788247414510442,95.21739130434783
2020-03-20 22:30:00,2020-03-17,CHF,0.20916775401372895,99.56896551724138
2020-03-27 22:30:00,2020-03-24,CHF,0.15896902525433093,98.71794871794872
2020-04-03 22:30:00,2020-03-31,CHF,0.16680716188420946,98.72881355932203
2020-04-10 22:30:00,2020-04-07,CHF,0.18439669639037873,98.73949579831933
2020-04-17 22:30:00,2020-04-14,CHF,0.14233755119506084,96.25
2020-04-24 22:30:00,2020-04-21,CHF,0.14058128247587506,95.45454545454545
2020-05-01 22:30:00,2020-04-28,CHF,0.15349887133182843,96.31147540983606
2020-05-08 22:30:00,2020-05-05,CHF,0.21488264335162865,99.59349593495935
2020-05-15 22:30:00,2020-05-12,CHF,0.1642738886555141,96.37096774193549
2020-05-22 22:30:00,2020-05-19,CHF,0.2252619625251639,99.6
2020-05-29 22:30:00,2020-05-26,CHF,0.22366400491400493,98.80952380952381
2020-06-05 22:30:00,2020-06-02,CHF,0.2227646708961142,98.03149606299213
2020-06-12 22:30:00,2020-06-09,CHF,0.042472342472342474,87.890625
2020-06-19 22:30:00,2020-06-16,CHF,0.04494444910866706,87.98449612403101
2020-06-26 22:30:00,2020-06-23,CHF,0.03423248776566822,86.53846153846153
2020-07-03 22:30:00,2020-06-30,CHF,0.10478260869565217,90.45801526717557
2020-07-10 22:30:00,2020-07-07,CHF,0.08374154937382246,89.01515151515152
2020-07-17 22:30:00,2020-07-14,CHF,0.14571546562048318,92.10526315789474
2020-07-24 22:30:00,2020-07-21,CHF,0.14466925459749833,91.41791044776119
2020-07-31 22:30:00,2020-07-28,CHF,0.16297611923010097,93.70370370370371
2020-08-07 22:30:00,2020-08-04,CHF,0.20538293524977103,95.95588235294117
2020-08-14 22:30:00,2020-08-11,CHF,0.30331142210913203,99.63503649635037
2020-08-21 22:30:00,2020-08-18,CHF,0.25852728374380723,98.91304347826087
2020-08-28 22:30:00,2020-08-25,CHF,0.2235283036639352,96.76258992805755
2020-09-04 22:30:00,2020-09-01,CHF,0.21461221015230306,94.64285714285714
2020-09-11 22:30:00,2020-09-08,CHF,0.21930291845820174,95.39007092198581
2020-09-18 22:30:00,2020-09-15,CHF,0.23021884718856728,98.2394366197183
2020-09-25 22:30:00,2020-09-22,CHF,0.3068144578313253,99.65034965034965
2020-10-02 22:30:00,2020-09-29,CHF,0.26729744471950656,98.26388888888889
2020-10-09 22:30:00,2020-10-06,CHF,0.2907766774723567,98.27586206896552
2020-10-16 22:30:00,2020-10-13,CHF,0.2550445259298062,96.23287671232876
2020-10-23 22:30:00,2020-10-20,CHF,0.2729409534641266,97.61904761904762
2020-10-30 22:30:00,2020-10-27,CHF,0.2939793306153409,98.3108108108108
2020-11-06 22:30:00,2020-11-03,CHF,0.2915329210052454,97.6510067114094
2020-11-13 22:30:00,2020-11-10,CHF,0.30201035638135854,98.33333333333333
2020-11-20 22:30:00,2020-11-17,CHF,0.29392417528311177,97.01986754966887
2020-11-27 22:30:00,2020-11-24,CHF,0.2974120822418036,97.69736842105263
2020-12-04 22:30:00,2020-12-01,CHF,0.2834781262697599,94.44444444444444
2020-12-11 22:30:00,2020-12-08,CHF,0.1897782309457048,84.74025974025975
2020-12-18 22:30:00,2020-12-15,CHF,0.18994950217733528,84.83870967741936
2020-12-24 22:30:00,2020-12-21,CHF,0.21093706031329143,86.21794871794872
2021-01-01 22:30:00,2020-12-29,CHF,0.2249255782001374,90.06410256410257
2021-01-08 22:30:00,2021-01-05,CHF,0.19115607408011748,83.65384615384616
2021-01-15 22:30:00,2021-01-12,CHF,0.23871700821306116,91.34615384615384
2021-01-22 22:30:00,2021-01-19,CHF,0.19410673810014423,83.01282051282051
2021-01-29 22:30:00,2021-01-26,CHF,0.208784161201564,83.65384615384616
2021-02-05 22:30:00,2021-02-02,CHF,0.28802722694365757,94.55128205128206
2021-02-12 22:30:00,2021-02-09,CHF,0.2344623479118711,90.06410256410257
2021-02-19 22:30:00,2021-02-16,CHF,0.17405859480589692,77.88461538461539
2021-02-26 22:30:00,2021-02-23,CHF,0.2174068903060262,84.93589743589743
2021-03-05 22:30:00,2021-03-02,CHF,0.23262564744720815,89.42307692307692
2021-03-12 22:30:00,2021-03-09,CHF,0.2509764943851573,90.7051282051282
2021-03-19 22:30:00,2021-03-16,CHF,0.12296959326049757,69.55128205128206
2021-03-26 22:30:00,2021-03-23,CHF,0.07498302960680904,66.98717948717949
2021-04-02 22:30:00,2021-03-30,CHF,0.09981295300444237,68.26923076923077
2021-04-09 22:30:00,2021-04-06,CHF,0.07429539574604482,65.7051282051282
2021-04-16 22:30:00,2021-04-13,CHF,0.0194234259717606,60.57692307692308
2021-04-23 22:30:00,2021-04-20,CHF,-0.03979062666602045,58.01282051282051
2021-04-30 22:30:00,2021-04-27,CHF,-0.01682073412941667,58.01282051282051
2021-05-07 22:30:00,2021-05-04,CHF,0.0014167889490461975,58.65384615384615
2021-05-14 22:30:00,2021-05-11,CHF,-0.06855837441385115,54.80769230769231
2021-05-21 22:30:00,2021-05-18,CHF,-0.09657624201802455,51.6025641025641
2021-05-28 22:30:00,2021-05-25,CHF,-0.027641828082994417,56.73076923076923
2021-06-04 22:30:00,2021-06-01,CHF,0.007042865837753239,58.65384615384615
2021-06-11 22:30:00,2021-06-08,CHF,0.02186902971423926,60.57692307692308
2021-06-18 22:30:00,2021-06-15,CHF,0.2533124645815905,90.7051282051282
2021-06-25 22:30:00,2021-06-22,CHF,0.3235216882713839,99.67948717948718
2021-07-02 22:30:00,2021-06-29,CHF,0.25923062505857,91.34615384615384
2021-07-09 22:30:00,2021-07-06,CHF,0.22713963208833457,85.57692307692308
2021-07-16 22:30:00,2021-07-13,CHF,0.15615701032732365,70.1923076923077
2021-07-23 22:30:00,2021-07-20,CHF,0.17976975522521516,73.3974358974359
2021-07-30 22:30:00,2021-07-27,CHF,0.18955430510896748,74.03846153846153
2021-08-06 22:30:00,2021-08-03,CHF,0.17766628980591673,72.11538461538461
2021-08-13 22:30:00,2021-08-10,CHF,0.21430943997874177,79.16666666666667
2021-08-20 22:30:00,2021-08-17,CHF,0.12605385751619133,63.782051282051285
2021-08-27 22:30:00,2021-08-24,CHF,0.09367777955746745,60.57692307692308
2021-09-03 22:30:00,2021-08-31,CHF,0.09231305155596842,59.93589743589744
2021-09-10 22:30:00,2021-09-07,CHF,0.004935723420007628,49.67948717948718
2021-09-17 22:30:00,2021-09-14,CHF,-0.12914991321160987,40.06410256410256
2021-09-24 22:30:00,2021-09-21,CHF,-0.16216263767198003,38.782051282051285
2021-10-01 22:30:00,2021-09-28,CHF,-0.19804806344648412,33.01282051282051
2021-10-08 22:30:00,2021-10-05,CHF,-0.2801322136859032,15.705128205128204
2021-10-15 22:30:00,2021-10-12,CHF,-0.22622556286078024,27.884615384615383
2021-10-22 22:30:00,2021-10-19,CHF,-0.3162589928057554,11.85897435897436
2021-10-29 22:30:00,2021-10-26,CHF,-0.3568548015836479,8.012820512820513
2021-11-05 22:30:00,2021-11-02,CHF,-0.4000542498982814,2.8846153846153846
2021-11-12 22:30:00,2021-11-09,CHF,-0.3306367128390176,11.85897435897436
2021-11-19 22:30:00,2021-11-16,CHF,-0.18023114355231143,36.217948717948715
2021-11-26 22:30:00,2021-11-23,CHF,-0.21704953064183774,29.807692307692307
2021-12-03 22:30:00,2021-11-30,CHF,-0.2805927625981837,18.26923076923077
2021-12-10 22:30:00,2021-12-07,CHF,-0.23527689394678794,27.243589743589745
2021-12-17 22:30:00,2021-12-14,CHF,-0.2167052278576442,29.807692307692307
2021-12-24 22:30:00,2021-12-21,CHF,-0.2254887585532747,27.243589743589745
2021-12-31 22:30:00,2021-12-28,CHF,-0.2671352375255471,20.192307692307693
2022-01-07 22:30:00,2022-01-04,CHF,-0.22553312347636742,26.602564102564102
2022-01-14 22:30:00,2022-01-11,CHF,-0.17933650176761173,36.85897435897436
2022-01-21 22:30:00,2022-01-18,CHF,-0.2711243761129643,19.55128205128205
2022-01-28 22:30:00,2022-01-25,CHF,-0.22132756277993054,27.884615384615383
2022-02-04 22:30:00,2022-02-01,CHF,-0.2006869001802504,31.73076923076923
2022-02-11 22:30:00,2022-02-08,CHF,-0.22658566572647718,23.397435897435898
2022-02-18 22:30:00,2022-02-15,CHF,-0.21341329467070866,28.525641025641026
2022-02-25 22:30:00,2022-02-22,CHF,-0.23209193265594963,22.115384615384617
2022-03-04 22:30:00,2022-03-01,CHF,-0.322551985277008,10.576923076923077
2022-03-11 22:30:00,2022-03-08,CHF,-0.1873793901968352,33.65384615384615
2022-03-18 22:30:00,2022-03-15,CHF,-0.1206061444782729,40.06410256410256
2022-03-25 22:30:00,2022-03-22,CHF,-0.18757097370354703,32.37179487179487
2022-04-01 22:30:00,2022-03-29,CHF,-0.2612177679518127,16.346153846153847
2022-04-08 22:30:00,2022-04-05,CHF,-0.3097862767154106,9.294871794871796
2022-04-15 22:30:00,2022-04-12,CHF,-0.33814362979311685,6.730769230769231
2022-04-22 22:30:00,2022-04-19,CHF,-0.25864600510515257,16.346153846153847
2022-04-29 22:30:00,2022-04-26,CHF,-0.2720891388460156,12.5
2022-05-06 22:30:00,2022-05-03,CHF,-0.28160372582768045,9.294871794871796
2022-05-13 22:30:00,2022-05-10,CHF,-0.3073788073788074,7.371794871794871
2022-05-20 22:30:00,2022-05-17,CHF,-0.31134713178585505,6.089743589743589
2022-05-27 22:30:00,2022-05-24,CHF,-0.394106334388397,1.6025641025641026
2022-06-03 22:30:00,2022-05-31,CHF,-0.412634381492164,0.32051282051282054
2022-06-10 22:30:00,2022-06-07,CHF,-0.3239747760774391,4.166666666666667
2022-06-17 22:30:00,2022-06-14,CHF,-0.17295869112341852,36.85897435897436
2022-06-24 22:30:00,2022-06-21,CHF,-0.18999707982691338,30.44871794871795
2022-07-01 22:30:00,2022-06-28,CHF,-0.21411659148119533,25.32051282051282
2022-07-08 22:30:00,2022-07-05,CHF,-0.26321940577602326,14.423076923076923
2022-07-15 22:30:00,2022-07-12,CHF,-0.21146527693612896,26.602564102564102
2022-07-22 22:30:00,2022-07-19,CHF,-0.2607095926412615,15.705128205128204
2022-07-29 22:30:00,2022-07-26,CHF,-0.2563235861255416,16.987179487179485
2022-08-05 22:30:00,2022-08-02,CHF,-0.2900989667349697,8.012820512820513
2022-08-12 22:30:00,2022-08-09,CHF,-0.22642470256006667,20.192307692307693
2022-08-19 22:30:00,2022-08-16,CHF,-0.12931712639886314,38.782051282051285
2022-08-26 22:30:00,2022-08-23,CHF,-0.05662687480869299,45.19230769230769
2022-09-02 22:30:00,2022-08-30,CHF,-0.047956241519674356,45.19230769230769
2022-09-09 22:30:00,2022-09-06,CHF,-0.08371003193298221,43.26923076923077
2022-09-16 22:30:00,2022-09-13,CHF,-0.16286536017657682,37.5
2022-09-23 22:30:00,2022-09-20,CHF,-0.16464323228375308,36.85897435897436
2022-09-30 22:30:00,2022-09-27,CHF,-0.12878719769846264,40.06410256410256
2022-10-07 22:30:00,2022-10-04,CHF,-0.15890169522970246,38.14102564102564
2022-10-14 22:30:00,2022-10-11,CHF,-0.13463472615891012,38.14102564102564
2022-10-21 22:30:00,2022-10-18,CHF,-0.15777871790875286,37.5
2022-10-28 22:30:00,2022-10-25,CHF,-0.24252049620122762,17.628205128205128
2022-11-04 22:30:00,2022-11-01,CHF,-0.29504859600455025,8.012820512820513
2022-11-11 22:30:00,2022-11-08,CHF,-0.3437193179313523,2.8846153846153846
2022-11-18 22:30:00,2022-11-15,CHF,-0.40096744984034693,0.9615384615384616
2022-11-25 22:30:00,2022-11-22,CHF,-0.3493243243243243,3.5256410256410255
2022-12-02 22:30:00,2022-11-29,CHF,-0.34446324951644103,4.166666666666667
2022-12-09 22:30:00,2022-12-06,CHF,-0.3044484827363023,10.576923076923077
2022-12-16 22:30:00,2022-12-13,CHF,-0.239379813538711,20.192307692307693
2022-12-23 22:30:00,2022-12-20,CHF,-0.13528628495339548,37.5
2022-12-30 22:30:00,2022-12-27,CHF,-0.13838732370774848,37.5
2023-01-06 22:30:00,2023-01-03,CHF,-0.08583458646616542,42.62820512820513
2023-01-13 22:30:00,2023-01-10,CHF,-0.2215475260025251,25.32051282051282
2023-01-20 22:30:00,2023-01-17,CHF,-0.23151603498542275,22.115384615384617
2023-01-27 22:30:00,2023-01-24,CHF,-0.2688305813164442,15.705128205128204
2023-02-03 22:30:00,2023-01-31,CHF,-0.2168209675316208,28.525641025641026
2023-02-10 22:30:00,2023-02-07,CHF,-0.16394624375675815,37.5
2023-02-17 22:30:00,2023-02-14,CHF,-0.198664573967173,32.37179487179487
2023-02-24 22:30:00,2023-02-21,CHF,-0.16680737841225984,37.5
2023-03-03 22:30:00,2023-02-28,CHF,-0.1170965206830035,46.47435897435897
2023-03-10 22:30:00,2023-03-07,CHF,-0.08450101615146005,48.3974358974359
2023-03-17 22:30:00,2023-03-14,CHF,-0.2554735168948367,20.192307692307693
2023-03-24 22:30:00,2023-03-21,CHF,-0.20361637413846026,32.37179487179487
2023-03-31 22:30:00,2023-03-28,CHF,-0.1742598117971081,38.14102564102564
2023-04-07 22:30:00,2023-04-04,CHF,-0.21526750410199855,30.44871794871795
2023-04-14 22:30:00,2023-04-11,CHF,-0.17595108695652173,38.782051282051285
2023-04-21 22:30:00,2023-04-18,CHF,-0.11548813310496697,50.32051282051282
2023-04-28 22:30:00,2023-04-25,CHF,-0.08759823653440675,51.6025641025641
2023-05-05 22:30:00,2023-05-02,CHF,-0.06933943723844535,54.166666666666664
2023-05-12 22:30:00,2023-05-09,CHF,-0.10295236119753855,50.96153846153846
2023-05-19 22:30:00,2023-05-16,CHF,-0.04255854948375724,57.37179487179487
2023-05-26 22:30:00,2023-05-23,CHF,-0.020152651312265665,59.294871794871796
2023-06-02 22:30:00,2023-05-30,CHF,-0.010518934081346423,60.57692307692308
2023-06-09 22:30:00,2023-06-06,CHF,-0.02980470433461111,58.65384615384615
2023-06-16 22:30:00,2023-06-13,CHF,-0.10470693270768017,50.96153846153846
2023-06-23 22:30:00,2023-06-20,CHF,-0.13427258635961029,47.11538461538461
2023-06-30 22:30:00,2023-06-27,CHF,-0.13232028679204902,47.756410256410255
2023-07-06 22:30:00,2023-07-03,CHF,-0.0837619035901474,56.08974358974359
2023-07-14 22:30:00,2023-07-11,CHF,-0.18150724238459243,37.5
2023-07-21 22:30:00,2023-07-18,CHF,-0.23629463355934557,22.115384615384617
2023-07-28 22:30:00,2023-07-25,CHF,-0.19083295608872794,36.217948717948715
2023-08-04 22:30:00,2023-08-01,CHF,-0.1988722915671964,34.93589743589744
2023-08-11 22:30:00,2023-08-08,CHF,-0.12643198367422662,52.88461538461539
2023-08-18 22:30:00,2023-08-15,CHF,-0.09363462167593588,57.37179487179487
2023-08-25 22:30:00,2023-08-22,CHF,-0.08721743446284348,58.65384615384615
2023-09-01 22:30:00,2023-08-29,CHF,-0.1044817538504232,56.08974358974359
2023-09-08 22:30:00,2023-09-05,CHF,-0.11409899292907649,55.44871794871795
2023-09-15 22:30:00,2023-09-12,CHF,-0.1869656622284513,39.42307692307692
2023-09-22 22:30:00,2023-09-19,CHF,-0.17014022899781295,43.91025641025641
2023-09-29 22:30:00,2023-09-26,CHF,-0.1691094619666048,44.55128205128205
2023-10-06 22:30:00,2023-10-03,CHF,-0.2853441957970446,12.5
2023-10-13 22:30:00,2023-10-10,CHF,-0.2603576171811733,19.55128205128205
2023-10-20 22:30:00,2023-10-17,CHF,-0.27838815896716984,15.064102564102564
2023-10-27 22:30:00,2023-10-24,CHF,-0.2546991529713495,22.756410256410255
2023-11-03 22:30:00,2023-10-31,CHF,-0.26458218728372934,18.26923076923077
2023-11-10 22:30:00,2023-11-07,CHF,-0.30942984001691454,9.935897435897436
2023-11-17 22:30:00,2023-11-14,CHF,-0.3388773039149738,5.448717948717949
2023-11-24 22:30:00,2023-11-21,CHF,-0.322944826999915,8.012820512820513
2023-12-01 22:30:00,2023-11-28,CHF,-0.3354718166636353,6.730769230769231
2023-12-08 22:30:00,2023-12-05,CHF,-0.29577838160249187,13.782051282051283
2023-12-15 22:30:00,2023-12-12,CHF,-0.2220415426625349,34.294871794871796
2023-12-22 22:30:00,2023-12-19,CHF,-0.13444932753251915,58.65384615384615
2023-12-29 22:30:00,2023-12-26,CHF,-0.07295328448604464,72.75641025641026
2024-01-05 22:30:00,2024-01-02,CHF,-0.10178390194394567,67.62820512820512
2024-01-12 22:30:00,2024-01-09,CHF,-0.08754410093882677,70.1923076923077
2024-01-19 22:30:00,2024-01-16,CHF,-0.07404912836767036,74.03846153846153
2024-01-26 22:30:00,2024-01-23,CHF,-0.10684325798586719,65.7051282051282
2024-02-02 22:30:00,2024-01-30,CHF,-0.08170269761212147,74.67948717948718
2024-02-09 22:30:00,2024-02-06,CHF,-0.11152066347482922,65.7051282051282
2024-02-16 22:30:00,2024-02-13,CHF,-0.10920844758394015,66.34615384615384
2024-02-23 22:30:00,2024-02-20,CHF,-0.16530068299183742,52.88461538461539
2024-03-01 22:30:00,2024-02-27,CHF,-0.18373794224546444,47.11538461538461
2024-03-08 22:30:00,2024-03-05,CHF,-0.23043090092692278,31.08974358974359
2024-03-15 22:30:00,2024-03-12,CHF,-0.21675844836369812,38.14102564102564
2024-03-22 22:30:00,2024-03-19,CHF,-0.28653295128939826,15.705128205128204
2024-03-29 22:30:00,2024-03-26,CHF,-0.27303007705692267,19.55128205128205
2024-04-05 22:30:00,2024-04-02,CHF,-0.25680764108922255,26.602564102564102
2024-04-12 22:30:00,2024-04-09,CHF,-0.3496966961346647,3.5256410256410255
2024-04-19 22:30:00,2024-04-16,CHF,-0.3876631231867767,2.8846153846153846
2024-04-26 22:30:00,2024-04-23,CHF,-0.4432202772079268,0.32051282051282054
2024-05-03 22:30:00,2024-04-30,CHF,-0.422396538827002,0.9615384615384616
2024-05-10 22:30:00,2024-05-07,CHF,-0.44151302234666384,0.9615384615384616
2024-05-17 22:30:00,2024-05-14,CHF,-0.4532144077794071,0.32051282051282054
2024-05-24 22:30:00,2024-05-21,CHF,-0.43115519253208867,2.2435897435897436
2024-05-31 22:30:00,2024-05-28,CHF,-0.4419760711688467,1.6025641025641026
2024-06-07 22:30:00,2024-06-04,CHF,-0.4631179476800081,0.32051282051282054
2024-06-14 22:30:00,2024-06-11,CHF,-0.4220627043207688,4.8076923076923075
2024-06-21 22:30:00,2024-06-18,CHF,-0.4234907690565183,4.166666666666667
2024-06-28 22:30:00,2024-06-25,CHF,-0.4163341408959194,6.089743589743589
2024-07-05 22:30:00,2024-07-02,CHF,-0.4707431246342891,0.32051282051282054
2024-07-12 22:30:00,2024-07-09,CHF,-0.4932732546316612,0.32051282051282054
2024-07-19 22:30:00,2024-07-16,CHF,-0.5046366206889562,0.32051282051282054
2024-07-26 22:30:00,2024-07-23,CHF,-0.4559606187859618,2.8846153846153846
2024-08-02 22:30:00,2024-07-30,CHF,-0.4038607780052647,9.935897435897436
2024-08-09 22:30:00,2024-08-06,CHF,-0.32221946484095587,20.833333333333332
2024-08-16 22:30:00,2024-08-13,CHF,-0.32948548311052306,18.91025641025641
2024-08-23 22:30:00,2024-08-20,CHF,-0.3831962327134001,13.14102564102564
2024-08-30 22:30:00,2024-08-27,CHF,-0.3578990228013029,13.782051282051283
2024-09-06 22:30:00,2024-09-03,CHF,-0.32600825375068904,20.833333333333332
2024-09-13 22:30:00,2024-09-10,CHF,-0.26484665398625046,36.85897435897436
2024-09-20 22:30:00,2024-09-17,CHF,-0.29217474468012433,29.166666666666668
2024-09-27 22:30:00,2024-09-24,CHF,-0.3178552596889006,24.03846153846154
2024-10-04 22:30:00,2024-10-01,CHF,-0.3677824267782427,13.782051282051283
2024-10-11 22:30:00,2024-10-08,CHF,-0.3519005985396885,15.705128205128204
2024-10-18 22:30:00,2024-10-15,CHF,-0.39545605707893705,11.85897435897436
2024-10-25 22:30:00,2024-10-22,CHF,-0.44904357870707795,4.166666666666667
2024-11-01 22:30:00,2024-10-29,CHF,-0.4305015638256113,7.371794871794871
2024-11-08 22:30:00,2024-11-05,CHF,-0.3949493485792573,13.14102564102564
2024-11-15 22:30:00,2024-11-12,CHF,-0.41712171472314363,9.935897435897436
2024-11-22 22:30:00,2024-11-19,CHF,-0.44831297617607935,4.8076923076923075
2024-11-29 22:30:00,2024-11-26,CHF,-0.4586820809248555,2.8846153846153846
2024-12-06 22:30:00,2024-12-03,CHF,-0.4820580196370547,1.6025641025641026
2024-12-13 22:30:00,2024-12-10,CHF,-0.31991515738852977,28.525641025641026
2024-12-20 22:30:00,2024-12-17,CHF,-0.2545807009143885,48.3974358974359
2024-12-27 22:30:00,2024-12-24,CHF,-0.33019987435139725,24.67948717948718
2025-01-03 22:30:00,2024-12-31,CHF,-0.36815178000426346,18.26923076923077
2025-01-10 22:30:00,2025-01-07,CHF,-0.41523826224190086,13.14102564102564
2025-01-17 22:30:00,2025-01-14,CHF,-0.4115157637301292,14.423076923076923
2025-01-24 22:30:00,2025-01-21,CHF,-0.4341919548341567,8.653846153846153
2025-01-31 22:30:00,2025-01-28,CHF,-0.4420957394308274,7.371794871794871
2025-02-07 22:30:00,2025-02-04,CHF,-0.4315078984182741,9.935897435897436
2025-02-14 22:30:00,2025-02-11,CHF,-0.3947167350930633,19.55128205128205
2025-02-21 22:30:00,2025-02-18,CHF,-0.39190625063855006,20.833333333333332
2025-02-28 22:30:00,2025-02-25,CHF,-0.4060589845438268,16.987179487179485
2025-03-07 22:30:00,2025-03-04,CHF,-0.38934869770462066,22.115384615384617
2025-03-14 22:30:00,2025-03-11,CHF,-0.3677569581960933,25.32051282051282
2025-03-21 22:30:00,2025-03-18,CHF,-0.42938156563448543,11.85897435897436
2025-03-28 22:30:00,2025-03-25,CHF,-0.4384994925989432,9.294871794871796
2025-04-04 22:30:00,2025-04-01,CHF,-0.4791591968447472,2.2435897435897436
2025-04-11 22:30:00,2025-04-08,CHF,-0.3961247105307917,20.833333333333332
2025-04-18 22:30:00,2025-04-15,CHF,-0.38900910464214267,25.32051282051282
2025-04-25 22:30:00,2025-04-22,CHF,-0.3494807315032034,31.08974358974359
2025-05-02 22:30:00,2025-04-29,CHF,-0.3379338142295237,34.294871794871796
2025-05-09 22:30:00,2025-05-06,CHF,-0.3340134319476324,35.57692307692308
2025-05-16 22:30:00,2025-05-13,CHF,-0.3156332092819615,41.34615384615385
2025-05-23 22:30:00,2025-05-20,CHF,-0.32498324969575976,37.5
2025-05-30 22:30:00,2025-05-27,CHF,-0.3453870237595045,31.08974358974359
2025-06-06 22:30:00,2025-06-03,CHF,-0.3205282703327513,39.42307692307692
2025-06-13 22:30:00,2025-06-10,CHF,-0.24466224921774343,55.44871794871795
2025-06-20 22:30:00,2025-06-17,CHF,-0.2976418384458988,43.26923076923077
2025-06-27 22:30:00,2025-06-24,CHF,-0.30140455906055724,43.26923076923077
2025-07-04 22:30:00,2025-07-01,CHF,-0.3287982797121826,36.85897435897436
2025-07-11 22:30:00,2025-07-08,CHF,-0.30505353142480174,43.26923076923077
2025-07-18 22:30:00,2025-07-15,CHF,-0.3048548919264696,43.91025641025641
2025-07-25 22:30:00,2025-07-22,CHF,-0.34440612571186957,32.37179487179487
2025-08-01 22:30:00,2025-07-29,CHF,-0.31251544112866525,43.26923076923077
2025-08-08 22:30:00,2025-08-05,CHF,-0.3429111815323722,33.65384615384615
2025-08-15 22:30:00,2025-08-12,CHF,-0.34872847105639493,31.08974358974359
2025-08-22 22:30:00,2025-08-19,CHF,-0.34080885568285463,34.93589743589744
2025-08-29 22:30:00,2025-08-26,CHF,-0.3417835379372379,34.93589743589744
2025-09-05 22:30:00,2025-09-02,CHF,-0.3199762687563345,43.91025641025641
2025-09-12 22:30:00,2025-09-09,CHF,-0.27439581351094194,54.80769230769231
2025-09-19 22:30:00,2025-09-16,CHF,-0.3630280217482225,27.884615384615383
2025-09-26 22:30:00,2025-09-23,CHF,-0.31956129390531723,45.833333333333336
2025-10-03 22:30:00,2025-09-30,CHF,-0.36222376650451704,28.525641025641026
2025-10-10 22:30:00,2025-10-07,CHF,-0.38128417955195293,25.96153846153846
2025-10-17 22:30:00,2025-10-14,CHF,-0.3854753184278139,25.32051282051282
2025-10-24 22:30:00,2025-10-21,CHF,-0.37609746873058325,27.243589743589745
2025-10-31 22:30:00,2025-10-28,CHF,-0.37182669976775845,27.884615384615383
2025-11-07 22:30:00,2025-11-04,CHF,-0.3918380889183809,23.397435897435898
2025-11-13 22:30:00,2025-11-10,CHF,-0.435164171897634,10.576923076923077
2025-11-21 22:30:00,2025-11-18,CHF,-0.4216614917004022,16.346153846153847
2025-11-28 22:30:00,2025-11-25,CHF,-0.4562050858609968,4.8076923076923075
2025-12-05 22:30:00,2025-12-02,CHF,-0.46308637981235845,4.166666666666667
2025-12-12 22:30:00,2025-12-09,CHF,-0.417803993722604,18.26923076923077
2025-12-19 22:30:00,2025-12-16,CHF,-0.37614563594879924,30.44871794871795
2025-12-26 22:30:00,2025-12-23,CHF,-0.49814846271445556,0.9615384615384616
2026-01-02 22:30:00,2025-12-30,CHF,-0.4959158027018536,1.6025641025641026
2026-01-09 22:30:00,2026-01-06,CHF,-0.4455287791276638,9.935897435897436
2026-01-16 22:30:00,2026-01-13,CHF,-0.45096653502390355,8.653846153846153
2026-01-23 22:30:00,2026-01-20,CHF,-0.4405056838456441,13.782051282051283
2026-01-30 22:30:00,2026-01-27,CHF,-0.4462860650705955,10.576923076923077
2026-02-06 22:30:00,2026-02-03,CHF,-0.435219924108813,15.705128205128204
2026-02-13 22:30:00,2026-02-10,CHF,-0.4411215148383595,14.423076923076923
2026-02-20 22:30:00,2026-02-17,CHF,-0.426986829324337,20.833333333333332
2026-02-27 22:30:00,2026-02-24,CHF,-0.42532142303919035,21.474358974358974
2026-03-06 22:30:00,2026-03-03,CHF,-0.3916310132526349,33.01282051282051
2026-03-13 22:30:00,2026-03-10,CHF,-0.37054203450048245,39.42307692307692
2026-03-20 22:30:00,2026-03-17,CHF,-0.34025181846398833,49.67948717948718
2026-03-27 22:30:00,2026-03-24,CHF,-0.3541258266028908,43.91025641025641
2026-04-03 22:30:00,2026-03-31,CHF,-0.37460496613995486,38.782051282051285
2026-04-10 22:30:00,2026-04-07,CHF,-0.3542460125106756,44.55128205128205
2026-04-17 22:30:00,2026-04-14,CHF,-0.36515807059629884,42.62820512820513
2026-04-24 22:30:00,2026-04-21,CHF,-0.3635122143075646,43.26923076923077
2026-05-01 22:30:00,2026-04-28,CHF,-0.37424955637491897,39.42307692307692
2026-05-08 22:30:00,2026-05-05,CHF,-0.3654253292120083,43.26923076923077
2026-05-15 22:30:00,2026-05-12,CHF,-0.3820546108947363,36.85897435897436
2026-05-22 22:30:00,2026-05-19,CHF,-0.35439673782681697,47.756410256410255
2026-05-29 22:30:00,2026-05-26,CHF,-0.3327840597003618,58.65384615384615
2026-06-05 22:30:00,2026-06-02,CHF,-0.2953280924689497,72.11538461538461
2026-06-12 22:30:00,2026-06-09,CHF,-0.31768793539666584,66.98717948717949
2026-06-19 22:30:00,2026-06-16,CHF,-0.27484613748481956,75.96153846153847
2026-06-26 22:30:00,2026-06-23,CHF,-0.3783072192661057,38.14102564102564
2026-07-03 22:30:00,2026-06-30,CHF,-0.36783367323815996,43.26923076923077
2026-07-10 22:30:00,2026-07-07,CHF,-0.3474812393194145,53.52564102564103
2026-07-17 22:30:00,2026-07-14,CHF,-0.3408847729033686,56.73076923076923
2026-07-24 22:30:00,2026-07-21,CHF,-0.31744942799399256,70.1923076923077
2026-07-31 22:30:00,2026-07-28,CHF,-0.2989306675957441,74.67948717948718
2026-08-07 22:30:00,2026-08-04,CHF,-0.2995445958402161,74.67948717948718
2026-08-14 22:30:00,2026-08-11,CHF,-0.29544751260534796,77.24358974358974
2018-12-27 22:30:00,2018-12-24,EUR,-0.11501161822950381,0.9615384615384616
2019-01-03 22:30:00,2018-12-31,EUR,-0.09219227409454017,8.49056603773585
2019-01-11 22:30:00,2019-01-08,EUR,-0.07877445121417952,15.74074074074074
2019-01-18 22:30:00,2019-01-15,EUR,-0.06220526728781149,22.727272727272727
2019-01-25 22:30:00,2019-01-22,EUR,-0.07778426939010881,16.964285714285715
2019-02-01 22:30:00,2019-01-29,EUR,-0.08809886241495599,14.912280701754385
2019-02-08 22:30:00,2019-02-05,EUR,-0.09919292646239129,7.758620689655173
2019-02-15 22:30:00,2019-02-12,EUR,-0.11863497373878398,0.847457627118644
2019-02-22 22:30:00,2019-02-19,EUR,-0.13943907286247012,0.8333333333333334
2019-03-01 22:30:00,2019-02-26,EUR,-0.13712772722455221,2.459016393442623
2019-03-08 22:30:00,2019-03-05,EUR,-0.1442834649738903,0.8064516129032258
2019-03-15 22:30:00,2019-03-12,EUR,-0.14112467487945388,2.380952380952381
2019-03-22 22:30:00,2019-03-19,EUR,-0.1608205773513366,0.78125
2019-03-29 22:30:00,2019-03-26,EUR,-0.16490825876533471,0.7692307692307693
2019-04-05 22:30:00,2019-04-02,EUR,-0.19927790290466268,0.7575757575757576
2019-04-12 22:30:00,2019-04-09,EUR,-0.20654238850130557,0.746268656716418
2019-04-19 22:30:00,2019-04-16,EUR,-0.19632871334722,3.676470588235294
2019-04-26 22:30:00,2019-04-23,EUR,-0.20762937197915396,0.7246376811594203
2019-05-03 22:30:00,2019-04-30,EUR,-0.20377846640987768,3.5714285714285716
2019-05-10 22:30:00,2019-05-07,EUR,-0.2055175272428634,3.5211267605633805
2019-05-17 22:30:00,2019-05-14,EUR,-0.18891686159457638,9.027777777777779
2019-05-24 22:30:00,2019-05-21,EUR,-0.19588779397119285,8.904109589041095
2019-05-31 22:30:00,2019-05-28,EUR,-0.18571417926296296,11.486486486486486
2019-06-07 22:30:00,2019-06-04,EUR,-0.16920421778488987,12.666666666666666
2019-06-14 22:30:00,2019-06-11,EUR,-0.1598938855216374,16.44736842105263
2019-06-21 22:30:00,2019-06-18,EUR,-0.10386542946459584,27.92207792207792
2019-06-28 22:30:00,2019-06-25,EUR,-0.10786404474360374,26.28205128205128
2019-07-05 22:30:00,2019-07-02,EUR,-0.060911376854713324,47.46835443037975
2019-07-12 22:30:00,2019-07-09,EUR,-0.06878873142186394,41.875
2019-07-19 22:30:00,2019-07-16,EUR,-0.05850726325375853,48.76543209876543
2019-07-26 22:30:00,2019-07-23,EUR,-0.07208252787829282,39.63414634146341
2019-08-02 22:30:00,2019-07-30,EUR,-0.09588045980277927,30.72289156626506
2019-08-09 22:30:00,2019-08-06,EUR,-0.08068522860814772,37.5
2019-08-16 22:30:00,2019-08-13,EUR,-0.08472286040678742,37.05882352941177
2019-08-23 22:30:00,2019-08-20,EUR,-0.06996422294521432,43.604651162790695
2019-08-30 22:30:00,2019-08-27,EUR,-0.07390323102853932,40.804597701149426
2019-09-06 22:30:00,2019-09-03,EUR,-0.08983570830453749,33.52272727272727
2019-09-13 22:30:00,2019-09-10,EUR,-0.08518296340731854,36.51685393258427
2019-09-20 22:30:00,2019-09-17,EUR,-0.13622653356435485,19.444444444444443
2019-09-27 22:30:00,2019-09-24,EUR,-0.12081287354858221,20.32967032967033
2019-10-04 22:30:00,2019-10-01,EUR,-0.1288798946739228,20.108695652173914
2019-10-11 22:30:00,2019-10-08,EUR,-0.1465360117208601,14.516129032258064
2019-10-18 22:30:00,2019-10-15,EUR,-0.14862466211121036,14.361702127659575
2019-10-25 22:30:00,2019-10-22,EUR,-0.09658591037659991,32.10526315789474
2019-11-01 22:30:00,2019-10-29,EUR,-0.0990169751339434,31.770833333333332
2019-11-08 22:30:00,2019-11-05,EUR,-0.10783262564437565,27.31958762886598
2019-11-15 22:30:00,2019-11-12,EUR,-0.10125771034560258,31.122448979591837
2019-11-22 22:30:00,2019-11-19,EUR,-0.10819489379233463,25.757575757575758
2019-11-29 22:30:00,2019-11-26,EUR,-0.10617339441611202,28.5
2019-12-06 22:30:00,2019-12-03,EUR,-0.11700761195952038,23.26732673267327
2019-12-13 22:30:00,2019-12-10,EUR,-0.10464297813949819,30.88235294117647
2019-12-20 22:30:00,2019-12-17,EUR,-0.12100058387653498,20.87378640776699
2019-12-27 22:30:00,2019-12-24,EUR,-0.1349808936056033,19.71153846153846
2020-01-03 22:30:00,2019-12-31,EUR,-0.13333393114951084,20.476190476190474
2020-01-10 22:30:00,2020-01-07,EUR,-0.11091844443644998,27.830188679245282
2020-01-17 22:30:00,2020-01-14,EUR,-0.08434648194538538,48.13084112149533
2020-01-24 22:30:00,2020-01-21,EUR,-0.08076590101758267,48.611111111111114
2020-01-31 22:30:00,2020-01-28,EUR,-0.09830108234398198,38.07339449541284
2020-02-07 22:30:00,2020-02-04,EUR,-0.12624895325022112,21.363636363636363
2020-02-14 22:30:00,2020-02-11,EUR,-0.13988054418036588,15.765765765765765
2020-02-21 22:30:00,2020-02-18,EUR,-0.14819259352828482,12.946428571428571
2020-02-28 22:30:00,2020-02-25,EUR,-0.1822694117139281,8.4070796460177
2020-03-06 22:30:00,2020-03-03,EUR,-0.13539791085285238,20.614035087719298
2020-03-13 22:30:00,2020-03-10,EUR,-0.01921714447827584,64.78260869565217
2020-03-20 22:30:00,2020-03-17,EUR,0.05525270524862442,75.43103448275862
2020-03-27 22:30:00,2020-03-24,EUR,0.10732183944274593,79.05982905982906
2020-04-03 22:30:00,2020-03-31,EUR,0.1345658919224579,79.23728813559322
2020-04-10 22:30:00,2020-04-07,EUR,0.1435450344963106,79.41176470588235
2020-04-17 22:30:00,2020-04-14,EUR,0.15940967423131214,81.25
2020-04-24 22:30:00,2020-04-21,EUR,0.15954677578974905,81.40495867768595
2020-05-01 22:30:00,2020-04-28,EUR,0.1461816754176436,78.27868852459017
2020-05-08 22:30:00,2020-05-05,EUR,0.1408707885913475,76.82926829268293
2020-05-15 22:30:00,2020-05-12,EUR,0.1427660511319517,77.01612903225806
2020-05-22 22:30:00,2020-05-19,EUR,0.13260454015489595,74.8
2020-05-29 22:30:00,2020-05-26,EUR,0.13510935807697905,75.7936507936508
2020-06-05 22:30:00,2020-06-02,EUR,0.13925647600894095,75.98425196850394
2020-06-12 22:30:00,2020-06-09,EUR,0.1613199193813616,82.421875
2020-06-19 22:30:00,2020-06-16,EUR,0.20372943912310698,83.33333333333333
2020-06-26 22:30:00,2020-06-23,EUR,0.20232960553174553,82.6923076923077
2020-07-03 22:30:00,2020-06-30,EUR,0.17068917338521883,82.06106870229007
2020-07-10 22:30:00,2020-07-07,EUR,0.17459942933321648,82.1969696969697
2020-07-17 22:30:00,2020-07-14,EUR,0.18333107431295476,82.33082706766918
2020-07-24 22:30:00,2020-07-21,EUR,0.1965492634530628,82.46268656716418
2020-07-31 22:30:00,2020-07-28,EUR,0.23205761710839293,87.03703703703704
2020-08-07 22:30:00,2020-08-04,EUR,0.256283738251463,94.48529411764706
2020-08-14 22:30:00,2020-08-11,EUR,0.28275000070775613,98.17518248175182
2020-08-21 22:30:00,2020-08-18,EUR,0.2797287124493999,97.46376811594203
2020-08-28 22:30:00,2020-08-25,EUR,0.3007511962470014,99.64028776978417
2020-09-04 22:30:00,2020-09-01,EUR,0.2817873107126642,96.78571428571429
2020-09-11 22:30:00,2020-09-08,EUR,0.284914777744643,97.51773049645391
2020-09-18 22:30:00,2020-09-15,EUR,0.27132034993785836,93.30985915492958
2020-09-25 22:30:00,2020-09-22,EUR,0.2863423827902259,97.55244755244755
2020-10-02 22:30:00,2020-09-29,EUR,0.28680066838234397,97.56944444444444
2020-10-09 22:30:00,2020-10-06,EUR,0.26728821486348686,91.37931034482759
2020-10-16 22:30:00,2020-10-13,EUR,0.2609813282984996,89.38356164383562
2020-10-23 22:30:00,2020-10-20,EUR,0.25740886380100114,88.77551020408163
2020-10-30 22:30:00,2020-10-27,EUR,0.24428450731652163,85.47297297297297
2020-11-06 22:30:00,2020-11-03,EUR,0.22357324684510174,77.51677852348993
2020-11-13 22:30:00,2020-11-10,EUR,0.21171906421510095,76.33333333333333
2020-11-20 22:30:00,2020-11-17,EUR,0.20998642518332272,75.16556291390728
2020-11-27 22:30:00,2020-11-24,EUR,0.21448540568382446,76.64473684210526
2020-12-04 22:30:00,2020-12-01,EUR,0.21382117424804015,76.14379084967321
2020-12-11 22:30:00,2020-12-08,EUR,0.22891456952576347,79.54545454545455
2020-12-18 22:30:00,2020-12-15,EUR,0.2158646426582005,76.45161290322581
2020-12-24 22:30:00,2020-12-21,EUR,0.21819896618493737,76.6025641025641
2021-01-01 22:30:00,2020-12-29,EUR,0.21302388322367685,74.67948717948718
2021-01-08 22:30:00,2021-01-05,EUR,0.21230023220871466,74.67948717948718
2021-01-15 22:30:00,2021-01-12,EUR,0.22994253280468233,81.73076923076923
2021-01-22 22:30:00,2021-01-19,EUR,0.24162952780056612,85.57692307692308
2021-01-29 22:30:00,2021-01-26,EUR,0.24407468203450677,86.85897435897436
2021-02-05 22:30:00,2021-02-02,EUR,0.20281116769303648,72.11538461538461
2021-02-12 22:30:00,2021-02-09,EUR,0.20831773423897218,73.3974358974359
2021-02-19 22:30:00,2021-02-16,EUR,0.20718271696650148,73.3974358974359
2021-02-26 22:30:00,2021-02-23,EUR,0.19853899178667156,71.47435897435898
2021-03-05 22:30:00,2021-03-02,EUR,0.18043936874578398,70.1923076923077
2021-03-12 22:30:00,2021-03-09,EUR,0.14120032182882972,63.14102564102564
2021-03-19 22:30:00,2021-03-16,EUR,0.14081258010851722,62.5
2021-03-26 22:30:00,2021-03-23,EUR,0.1454909982102434,65.7051282051282
2021-04-02 22:30:00,2021-03-30,EUR,0.11430258819663287,59.93589743589744
2021-04-09 22:30:00,2021-04-06,EUR,0.10506464427366413,59.294871794871796
2021-04-16 22:30:00,2021-04-13,EUR,0.1030568183745169,59.294871794871796
2021-04-23 22:30:00,2021-04-20,EUR,0.12213288192975032,61.85897435897436
2021-04-30 22:30:00,2021-04-27,EUR,0.1204736992465093,61.85897435897436
2021-05-07 22:30:00,2021-05-04,EUR,0.12522789442527793,63.14102564102564
2021-05-14 22:30:00,2021-05-11,EUR,0.1346894985879454,65.06410256410257
2021-05-21 22:30:00,2021-05-18,EUR,0.13723714355215763,66.34615384615384
2021-05-28 22:30:00,2021-05-25,EUR,0.14089506298280266,68.91025641025641
2021-06-04 22:30:00,2021-06-01,EUR,0.14731854694715793,73.3974358974359
2021-06-11 22:30:00,2021-06-08,EUR,0.14426657014178662,71.47435897435898
2021-06-18 22:30:00,2021-06-15,EUR,0.17011984649975098,75.32051282051282
2021-06-25 22:30:00,2021-06-22,EUR,0.12817571574141773,62.5
2021-07-02 22:30:00,2021-06-29,EUR,0.1249539376993942,61.217948717948715
2021-07-09 22:30:00,2021-07-06,EUR,0.11036871070643696,58.65384615384615
2021-07-16 22:30:00,2021-07-13,EUR,0.08667222099652806,56.08974358974359
2021-07-23 22:30:00,2021-07-20,EUR,0.06708194561358563,55.44871794871795
2021-07-30 22:30:00,2021-07-27,EUR,0.05623237483923493,54.80769230769231
2021-08-06 22:30:00,2021-08-03,EUR,0.05634915810589022,54.80769230769231
2021-08-13 22:30:00,2021-08-10,EUR,0.04822261279764364,52.88461538461539
2021-08-20 22:30:00,2021-08-17,EUR,0.082960080139092,55.44871794871795
2021-08-27 22:30:00,2021-08-24,EUR,0.03525890169165425,51.6025641025641
2021-09-03 22:30:00,2021-08-31,EUR,0.014857256314617578,50.32051282051282
2021-09-10 22:30:00,2021-09-07,EUR,0.03775902998848915,51.6025641025641
2021-09-17 22:30:00,2021-09-14,EUR,0.04257374805160603,51.6025641025641
2021-09-24 22:30:00,2021-09-21,EUR,0.01822856617519619,49.67948717948718
2021-10-01 22:30:00,2021-09-28,EUR,0.0013052583049304935,48.3974358974359
2021-10-08 22:30:00,2021-10-05,EUR,-0.03220053316724121,47.11538461538461
2021-10-15 22:30:00,2021-10-12,EUR,-0.026459417052934656,47.11538461538461
2021-10-22 22:30:00,2021-10-19,EUR,-0.017819663300059758,47.756410256410255
2021-10-29 22:30:00,2021-10-26,EUR,-0.016543842063335753,47.756410256410255
2021-11-05 22:30:00,2021-11-02,EUR,-0.00905277689285335,47.756410256410255
2021-11-12 22:30:00,2021-11-09,EUR,0.005561877918769754,48.3974358974359
2021-11-19 22:30:00,2021-11-16,EUR,-0.0054215826033232346,47.11538461538461
2021-11-26 22:30:00,2021-11-23,EUR,-0.023116968883705572,43.91025641025641
2021-12-03 22:30:00,2021-11-30,EUR,-0.03294542598690972,41.98717948717949
2021-12-10 22:30:00,2021-12-07,EUR,-0.01158733505256118,45.833333333333336
2021-12-17 22:30:00,2021-12-14,EUR,-0.017951945789022702,43.91025641025641
2021-12-24 22:30:00,2021-12-21,EUR,-0.01511664750185574,45.19230769230769
2021-12-31 22:30:00,2021-12-28,EUR,-0.009853358147437964,45.833333333333336
2022-01-07 22:30:00,2022-01-04,EUR,-0.002291298667979912,47.11538461538461
2022-01-14 22:30:00,2022-01-11,EUR,0.00880120417474604,48.3974358974359
2022-01-21 22:30:00,2022-01-18,EUR,0.035532070497570394,50.32051282051282
2022-01-28 22:30:00,2022-01-25,EUR,0.04621115393175509,51.6025641025641
2022-02-04 22:30:00,2022-02-01,EUR,0.04335374384876085,50.96153846153846
2022-02-11 22:30:00,2022-02-08,EUR,0.05548080411599519,52.88461538461539
2022-02-18 22:30:00,2022-02-15,EUR,0.06777466465920373,54.80769230769231
2022-02-25 22:30:00,2022-02-22,EUR,0.08512635607063194,55.44871794871795
2022-03-04 22:30:00,2022-03-01,EUR,0.09019618736761693,56.08974358974359
2022-03-11 22:30:00,2022-03-08,EUR,0.07962759983220341,53.52564102564103
2022-03-18 22:30:00,2022-03-15,EUR,0.028218795513580877,44.55128205128205
2022-03-25 22:30:00,2022-03-22,EUR,0.03619062653210224,45.833333333333336
2022-04-01 22:30:00,2022-03-29,EUR,0.03226678139836809,43.91025641025641
2022-04-08 22:30:00,2022-04-05,EUR,0.04124540943264581,46.47435897435897
2022-04-15 22:30:00,2022-04-12,EUR,0.05755908795517877,51.6025641025641
2022-04-22 22:30:00,2022-04-19,EUR,0.04630743306718506,47.756410256410255
2022-04-29 22:30:00,2022-04-26,EUR,0.032247849877042455,41.34615384615385
2022-05-06 22:30:00,2022-05-03,EUR,-0.009177955638442079,34.93589743589744
2022-05-13 22:30:00,2022-05-10,EUR,0.023443860400597975,40.06410256410256
2022-05-20 22:30:00,2022-05-17,EUR,0.02877975752498896,40.705128205128204
2022-05-27 22:30:00,2022-05-24,EUR,0.05491312357357061,48.3974358974359
2022-06-03 22:30:00,2022-05-31,EUR,0.07400643054039475,52.88461538461539
2022-06-10 22:30:00,2022-06-07,EUR,0.0691737823112307,52.243589743589745
2022-06-17 22:30:00,2022-06-14,EUR,-0.009006770792799372,32.37179487179487
2022-06-24 22:30:00,2022-06-21,EUR,-0.023231475113068282,25.32051282051282
2022-07-01 22:30:00,2022-06-28,EUR,-0.01578025591536207,28.525641025641026
2022-07-08 22:30:00,2022-07-05,EUR,-0.025011428198262915,24.03846153846154
2022-07-15 22:30:00,2022-07-12,EUR,-0.03701298034840059,21.474358974358974
2022-07-22 22:30:00,2022-07-19,EUR,-0.06158281299974355,20.833333333333332
2022-07-29 22:30:00,2022-07-26,EUR,-0.059910762009453986,20.833333333333332
2022-08-05 22:30:00,2022-08-02,EUR,-0.05675093546703164,20.833333333333332
2022-08-12 22:30:00,2022-08-09,EUR,-0.04987882691746654,20.833333333333332
2022-08-19 22:30:00,2022-08-16,EUR,-0.061245115020685116,18.91025641025641
2022-08-26 22:30:00,2022-08-23,EUR,-0.06143990773358071,18.26923076923077
2022-09-02 22:30:00,2022-08-30,EUR,-0.06620921812962709,16.987179487179485
2022-09-09 22:30:00,2022-09-06,EUR,-0.05036733834203066,20.192307692307693
2022-09-16 22:30:00,2022-09-13,EUR,-0.015947585969034443,27.884615384615383
2022-09-23 22:30:00,2022-09-20,EUR,0.050838055055687954,46.47435897435897
2022-09-30 22:30:00,2022-09-27,EUR,0.051666151997578506,46.47435897435897
2022-10-07 22:30:00,2022-10-04,EUR,0.06820431628615772,51.6025641025641
2022-10-14 22:30:00,2022-10-11,EUR,0.05865193916302233,49.67948717948718
2022-10-21 22:30:00,2022-10-18,EUR,0.07517928268190967,52.88461538461539
2022-10-28 22:30:00,2022-10-25,EUR,0.11235468015760763,58.65384615384615
2022-11-04 22:30:00,2022-11-01,EUR,0.1574891064700199,72.75641025641026
2022-11-11 22:30:00,2022-11-08,EUR,0.16109998173384718,74.03846153846153
2022-11-18 22:30:00,2022-11-15,EUR,0.16506024978940043,74.67948717948718
2022-11-25 22:30:00,2022-11-22,EUR,0.18081492436915547,77.24358974358974
2022-12-02 22:30:00,2022-11-29,EUR,0.1756987881157154,75.96153846153847
2022-12-09 22:30:00,2022-12-06,EUR,0.17551160375356448,75.32051282051282
2022-12-16 22:30:00,2022-12-13,EUR,0.16138069358178053,72.11538461538461
2022-12-23 22:30:00,2022-12-20,EUR,0.19597558019086242,77.88461538461539
2022-12-30 22:30:00,2022-12-27,EUR,0.20066530566855256,79.16666666666667
2023-01-06 22:30:00,2023-01-03,EUR,0.18245719983708553,75.96153846153847
2023-01-13 22:30:00,2023-01-10,EUR,0.18090149203324207,75.32051282051282
2023-01-20 22:30:00,2023-01-17,EUR,0.16843278088378663,70.1923076923077
2023-01-27 22:30:00,2023-01-24,EUR,0.17278080787685723,71.47435897435898
2023-02-03 22:30:00,2023-01-31,EUR,0.188906516320296,76.6025641025641
2023-02-10 22:30:00,2023-02-07,EUR,0.21123863573821144,83.01282051282051
2023-02-17 22:30:00,2023-02-14,EUR,0.20783558385205791,81.08974358974359
2023-02-24 22:30:00,2023-02-21,EUR,0.20897381687255823,81.73076923076923
2023-03-03 22:30:00,2023-02-28,EUR,0.20174933423553074,77.24358974358974
2023-03-10 22:30:00,2023-03-07,EUR,0.18080108932753755,70.83333333333333
2023-03-17 22:30:00,2023-03-14,EUR,0.18775883649515765,73.3974358974359
2023-03-24 22:30:00,2023-03-21,EUR,0.19641271050950793,74.67948717948718
2023-03-31 22:30:00,2023-03-28,EUR,0.19798472640497142,75.32051282051282
2023-04-07 22:30:00,2023-04-04,EUR,0.19193409138061424,72.75641025641026
2023-04-14 22:30:00,2023-04-11,EUR,0.21507718197248232,86.21794871794872
2023-04-21 22:30:00,2023-04-18,EUR,0.21446578302499825,84.93589743589743
2023-04-28 22:30:00,2023-04-25,EUR,0.21917964191170192,87.5
2023-05-05 22:30:00,2023-05-02,EUR,0.22257645697394857,87.5
2023-05-12 22:30:00,2023-05-09,EUR,0.22576728185111505,88.14102564102564
2023-05-19 22:30:00,2023-05-16,EUR,0.23684250503209145,90.06410256410257
2023-05-26 22:30:00,2023-05-23,EUR,0.2224182363084943,85.57692307692308
2023-06-02 22:30:00,2023-05-30,EUR,0.2137995360850012,80.44871794871794
2023-06-09 22:30:00,2023-06-06,EUR,0.20259294829577207,72.75641025641026
2023-06-16 22:30:00,2023-06-13,EUR,0.18553478334192844,65.7051282051282
2023-06-23 22:30:00,2023-06-20,EUR,0.19734398939123768,70.1923076923077
2023-06-30 22:30:00,2023-06-27,EUR,0.19809239704257345,70.83333333333333
2023-07-06 22:30:00,2023-07-03,EUR,0.19676496397020637,68.91025641025641
2023-07-14 22:30:00,2023-07-11,EUR,0.19042301129261904,65.7051282051282
2023-07-21 22:30:00,2023-07-18,EUR,0.2283548622709837,87.5
2023-07-28 22:30:00,2023-07-25,EUR,0.22945127445598698,88.78205128205128
2023-08-04 22:30:00,2023-08-01,EUR,0.22784960988193168,87.5
2023-08-11 22:30:00,2023-08-08,EUR,0.19686898792064844,68.91025641025641
2023-08-18 22:30:00,2023-08-15,EUR,0.21028158472468308,77.88461538461539
2023-08-25 22:30:00,2023-08-22,EUR,0.21154292018771836,79.16666666666667
2023-09-01 22:30:00,2023-08-29,EUR,0.1960616312471011,67.62820512820512
2023-09-08 22:30:00,2023-09-05,EUR,0.1806147192690083,61.217948717948715
2023-09-15 22:30:00,2023-09-12,EUR,0.15203849634088462,54.80769230769231
2023-09-22 22:30:00,2023-09-19,EUR,0.1466628699792764,54.166666666666664
2023-09-29 22:30:00,2023-09-26,EUR,0.14071654623171845,50.96153846153846
2023-10-06 22:30:00,2023-10-03,EUR,0.11238509580273136,45.833333333333336
2023-10-13 22:30:00,2023-10-10,EUR,0.1098835872920734,44.55128205128205
2023-10-20 22:30:00,2023-10-17,EUR,0.11846031773411761,47.756410256410255
2023-10-27 22:30:00,2023-10-24,EUR,0.12132756863838969,49.03846153846154
2023-11-03 22:30:00,2023-10-31,EUR,0.12286858849836393,50.32051282051282
2023-11-10 22:30:00,2023-11-07,EUR,0.12765615861839616,52.243589743589745
2023-11-17 22:30:00,2023-11-14,EUR,0.15503592360024657,60.57692307692308
2023-11-24 22:30:00,2023-11-21,EUR,0.1820052669702568,70.1923076923077
2023-12-01 22:30:00,2023-11-28,EUR,0.19688834856657195,77.88461538461539
2023-12-08 22:30:00,2023-12-05,EUR,0.2013705781672317,81.73076923076923
2023-12-15 22:30:00,2023-12-12,EUR,0.1859839499892066,72.11538461538461
2023-12-22 22:30:00,2023-12-19,EUR,0.1636458148873821,63.14102564102564
2023-12-29 22:30:00,2023-12-26,EUR,0.1663640988794363,64.42307692307692
2024-01-05 22:30:00,2024-01-02,EUR,0.1661962622672611,64.42307692307692
2024-01-12 22:30:00,2024-01-09,EUR,0.16647597814807605,65.7051282051282
2024-01-19 22:30:00,2024-01-16,EUR,0.14199055778886932,57.37179487179487
2024-01-26 22:30:00,2024-01-23,EUR,0.1217551690530904,49.67948717948718
2024-02-02 22:30:00,2024-01-30,EUR,0.12207065359387247,50.32051282051282
2024-02-09 22:30:00,2024-02-06,EUR,0.08490951391478857,41.34615384615385
2024-02-16 22:30:00,2024-02-13,EUR,0.07139257267549874,38.782051282051285
2024-02-23 22:30:00,2024-02-20,EUR,0.09416598943096972,44.55128205128205
2024-03-01 22:30:00,2024-02-27,EUR,0.087840736781055,43.91025641025641
2024-03-08 22:30:00,2024-03-05,EUR,0.09377775389332323,45.19230769230769
2024-03-15 22:30:00,2024-03-12,EUR,0.10367134815805606,47.11538461538461
2024-03-22 22:30:00,2024-03-19,EUR,0.07367163378452929,39.42307692307692
2024-03-29 22:30:00,2024-03-26,EUR,0.04745778183477864,30.44871794871795
2024-04-05 22:30:00,2024-04-02,EUR,0.024596934829986174,22.115384615384617
2024-04-12 22:30:00,2024-04-09,EUR,0.050851908947374964,33.01282051282051
2024-04-19 22:30:00,2024-04-16,EUR,0.01855311786177745,21.474358974358974
2024-04-26 22:30:00,2024-04-23,EUR,-0.015003657413735353,13.782051282051283
2024-05-03 22:30:00,2024-04-30,EUR,-0.01038943916651464,15.064102564102564
2024-05-10 22:30:00,2024-05-07,EUR,0.007009731156193304,20.833333333333332
2024-05-17 22:30:00,2024-05-14,EUR,0.026118982585314903,25.32051282051282
2024-05-24 22:30:00,2024-05-21,EUR,0.06350667068862821,41.34615384615385
2024-05-31 22:30:00,2024-05-28,EUR,0.08659214516051403,49.67948717948718
2024-06-07 22:30:00,2024-06-04,EUR,0.10103671680541165,53.52564102564103
2024-06-14 22:30:00,2024-06-11,EUR,0.061220882767985145,41.34615384615385
2024-06-21 22:30:00,2024-06-18,EUR,0.012225010301543078,22.115384615384617
2024-06-28 22:30:00,2024-06-25,EUR,-0.012969033375532813,14.423076923076923
2024-07-05 22:30:00,2024-07-02,EUR,-0.014945948704260513,14.423076923076923
2024-07-12 22:30:00,2024-07-09,EUR,0.005685224066559334,22.115384615384617
2024-07-19 22:30:00,2024-07-16,EUR,0.03811930978928026,33.65384615384615
2024-07-26 22:30:00,2024-07-23,EUR,0.05342979842921809,40.705128205128204
2024-08-02 22:30:00,2024-07-30,EUR,0.026673200469354817,28.525641025641026
2024-08-09 22:30:00,2024-08-06,EUR,0.05003695403395003,38.782051282051285
2024-08-16 22:30:00,2024-08-13,EUR,0.040433056117479584,34.93589743589744
2024-08-23 22:30:00,2024-08-20,EUR,0.08094743337230155,50.96153846153846
2024-08-30 22:30:00,2024-08-27,EUR,0.1277846828506894,62.5
2024-09-06 22:30:00,2024-09-03,EUR,0.1351026798196974,62.5
2024-09-13 22:30:00,2024-09-10,EUR,0.10976454667011733,55.44871794871795
2024-09-20 22:30:00,2024-09-17,EUR,0.10272256235610272,54.166666666666664
2024-09-27 22:30:00,2024-09-24,EUR,0.10551364651795253,54.80769230769231
2024-10-04 22:30:00,2024-10-01,EUR,0.0819982393061562,47.756410256410255
2024-10-11 22:30:00,2024-10-08,EUR,0.05843100977237641,39.42307692307692
2024-10-18 22:30:00,2024-10-15,EUR,0.02604479096587449,24.03846153846154
2024-10-25 22:30:00,2024-10-22,EUR,-0.043831894756737905,5.448717948717949
2024-11-01 22:30:00,2024-10-29,EUR,-0.07602523897683908,0.32051282051282054
2024-11-08 22:30:00,2024-11-05,EUR,-0.0335394990992833,7.371794871794871
2024-11-15 22:30:00,2024-11-12,EUR,-0.01167311510661508,15.064102564102564
2024-11-22 22:30:00,2024-11-19,EUR,-0.06460030298706385,1.6025641025641026
2024-11-29 22:30:00,2024-11-26,EUR,-0.08415407938962036,0.32051282051282054
2024-12-06 22:30:00,2024-12-03,EUR,-0.08516144514775746,0.32051282051282054
2024-12-13 22:30:00,2024-12-10,EUR,-0.10391240739416673,0.32051282051282054
2024-12-20 22:30:00,2024-12-17,EUR,-0.11283390410958904,0.32051282051282054
2024-12-27 22:30:00,2024-12-24,EUR,-0.11464014203884648,0.32051282051282054
2025-01-03 22:30:00,2024-12-31,EUR,-0.11419678606078217,0.9615384615384616
2025-01-10 22:30:00,2025-01-07,EUR,-0.10630865718259844,2.2435897435897436
2025-01-17 22:30:00,2025-01-14,EUR,-0.09995779717820348,3.5256410256410255
2025-01-24 22:30:00,2025-01-21,EUR,-0.10252144408786333,3.5256410256410255
2025-01-31 22:30:00,2025-01-28,EUR,-0.10761534832317565,2.2435897435897436
2025-02-07 22:30:00,2025-02-04,EUR,-0.09505646075478859,5.448717948717949
2025-02-14 22:30:00,2025-02-11,EUR,-0.10343199978165693,4.166666666666667
2025-02-21 22:30:00,2025-02-18,EUR,-0.08059257958948253,8.012820512820513
2025-02-28 22:30:00,2025-02-25,EUR,-0.03859969272063691,15.705128205128204
2025-03-07 22:30:00,2025-03-04,EUR,-0.01477876455611792,21.474358974358974
2025-03-14 22:30:00,2025-03-11,EUR,0.017937404078053058,27.243589743589745
2025-03-21 22:30:00,2025-03-18,EUR,0.09105605099445313,50.96153846153846
2025-03-28 22:30:00,2025-03-25,EUR,0.09738064276425785,52.243589743589745
2025-04-04 22:30:00,2025-04-01,EUR,0.07727029472576387,46.47435897435897
2025-04-11 22:30:00,2025-04-08,EUR,0.08595881772947192,48.3974358974359
2025-04-18 22:30:00,2025-04-15,EUR,0.09783624855603978,52.243589743589745
2025-04-25 22:30:00,2025-04-22,EUR,0.09041310731446876,49.03846153846154
2025-05-02 22:30:00,2025-04-29,EUR,0.10380136179630026,54.166666666666664
2025-05-09 22:30:00,2025-05-06,EUR,0.10273767219845512,52.88461538461539
2025-05-16 22:30:00,2025-05-13,EUR,0.11289562208851707,57.37179487179487
2025-05-23 22:30:00,2025-05-20,EUR,0.09806137380490458,50.32051282051282
2025-05-30 22:30:00,2025-05-27,EUR,0.10450628623576705,53.52564102564103
2025-06-06 22:30:00,2025-06-03,EUR,0.10593330978235828,54.166666666666664
2025-06-13 22:30:00,2025-06-10,EUR,0.11477242303369331,57.37179487179487
2025-06-20 22:30:00,2025-06-17,EUR,0.13435406774526004,61.85897435897436
2025-06-27 22:30:00,2025-06-24,EUR,0.1457303696399325,63.782051282051285
2025-07-04 22:30:00,2025-07-01,EUR,0.1380394361713462,61.85897435897436
2025-07-11 22:30:00,2025-07-08,EUR,0.14965123652504755,64.42307692307692
2025-07-18 22:30:00,2025-07-15,EUR,0.1562832138852323,65.7051282051282
2025-07-25 22:30:00,2025-07-22,EUR,0.1488119585462987,63.14102564102564
2025-08-01 22:30:00,2025-07-29,EUR,0.14888055063078023,63.14102564102564
2025-08-08 22:30:00,2025-08-05,EUR,0.14169680825064765,59.93589743589744
2025-08-15 22:30:00,2025-08-12,EUR,0.13992111247412034,58.65384615384615
2025-08-22 22:30:00,2025-08-19,EUR,0.14389513571548887,60.57692307692308
2025-08-29 22:30:00,2025-08-26,EUR,0.14608977517617236,61.217948717948715
2025-09-05 22:30:00,2025-09-02,EUR,0.14139178548627368,58.01282051282051
2025-09-12 22:30:00,2025-09-09,EUR,0.14312313803376364,59.294871794871796
2025-09-19 22:30:00,2025-09-16,EUR,0.13765769514920836,54.80769230769231
2025-09-26 22:30:00,2025-09-23,EUR,0.13308077722106806,52.88461538461539
2025-10-03 22:30:00,2025-09-30,EUR,0.1387709497206704,55.44871794871795
2025-10-10 22:30:00,2025-10-07,EUR,0.13839230386093074,54.80769230769231
2025-10-17 22:30:00,2025-10-14,EUR,0.12879289579219075,50.96153846153846
2025-10-24 22:30:00,2025-10-21,EUR,0.13369271205318423,51.6025641025641
2025-10-31 22:30:00,2025-10-28,EUR,0.12721445698024336,49.03846153846154
2025-11-07 22:30:00,2025-11-04,EUR,0.10991096487446957,43.91025641025641
2025-11-13 22:30:00,2025-11-10,EUR,0.08852545788096598,33.01282051282051
2025-11-21 22:30:00,2025-11-18,EUR,0.11971608737447326,47.756410256410255
2025-11-28 22:30:00,2025-11-25,EUR,0.11325818184445015,46.47435897435897
2025-12-05 22:30:00,2025-12-02,EUR,0.12741428410308464,52.243589743589745
2025-12-12 22:30:00,2025-12-09,EUR,0.1472092524984249,66.34615384615384
2025-12-19 22:30:00,2025-12-16,EUR,0.14681363261484964,66.34615384615384
2025-12-26 22:30:00,2025-12-23,EUR,0.18442910845018923,78.52564102564102
2026-01-02 22:30:00,2025-12-30,EUR,0.18116729887973454,77.24358974358974
2026-01-09 22:30:00,2026-01-06,EUR,0.18463283114939075,78.52564102564102
2026-01-16 22:30:00,2026-01-13,EUR,0.15011904869680154,69.55128205128206
2026-01-23 22:30:00,2026-01-20,EUR,0.12678954943992155,51.6025641025641
2026-01-30 22:30:00,2026-01-27,EUR,0.14373577697425388,64.42307692307692
2026-02-06 22:30:00,2026-02-03,EUR,0.17942609482637425,75.96153846153847
2026-02-13 22:30:00,2026-02-10,EUR,0.19465643498191137,83.65384615384616
2026-02-20 22:30:00,2026-02-17,EUR,0.19031143755596833,82.37179487179488
2026-02-27 22:30:00,2026-02-24,EUR,0.17212579571529057,75.96153846153847
2026-03-06 22:30:00,2026-03-03,EUR,0.1494576196581805,70.1923076923077
2026-03-13 22:30:00,2026-03-10,EUR,0.1084658759157972,43.26923076923077
2026-03-20 22:30:00,2026-03-17,EUR,0.027960184654711832,21.474358974358974
2026-03-27 22:30:00,2026-03-24,EUR,0.012134313075477545,16.987179487179485
2026-04-03 22:30:00,2026-03-31,EUR,0.0006548382472033758,15.705128205128204
2026-04-10 22:30:00,2026-04-07,EUR,-0.00972978273463537,15.705128205128204
2026-04-17 22:30:00,2026-04-14,EUR,0.03298310911884467,24.03846153846154
2026-04-24 22:30:00,2026-04-21,EUR,0.052267708209485696,27.884615384615383
2026-05-01 22:30:00,2026-04-28,EUR,0.04456034837727562,25.96153846153846
2026-05-08 22:30:00,2026-05-05,EUR,0.03946604047836733,25.32051282051282
2026-05-15 22:30:00,2026-05-12,EUR,0.04847011672616916,27.884615384615383
2026-05-22 22:30:00,2026-05-19,EUR,0.04057170597770753,26.602564102564102
2026-05-29 22:30:00,2026-05-26,EUR,0.035701459797336646,24.67948717948718
2026-06-05 22:30:00,2026-06-02,EUR,0.05800641957019268,32.37179487179487
2026-06-12 22:30:00,2026-06-09,EUR,0.015986102234405462,19.55128205128205
2026-06-19 22:30:00,2026-06-16,EUR,0.03839735500535951,26.602564102564102
2026-06-26 22:30:00,2026-06-23,EUR,0.03839450423118691,26.602564102564102
2026-07-03 22:30:00,2026-06-30,EUR,0.0013910054222631746,16.987179487179485
2026-07-10 22:30:00,2026-07-07,EUR,-0.02041560931667407,11.85897435897436
2026-07-17 22:30:00,2026-07-14,EUR,-0.01576620241527464,12.5
2026-07-24 22:30:00,2026-07-21,EUR,-0.051668560272279236,9.935897435897436
2026-07-31 22:30:00,2026-07-28,EUR,-0.08837090726342574,6.730769230769231
2026-08-07 22:30:00,2026-08-04,EUR,-0.07262201075372324,9.935897435897436
2026-08-14 22:30:00,2026-08-11,EUR,-0.07483626060627223,9.935897435897436
2018-12-27 22:30:00,2018-12-24,GBP,-0.26638147748121666,16.346153846153847
2019-01-03 22:30:00,2018-12-31,GBP,-0.2678684049512872,14.150943396226415
2019-01-11 22:30:00,2019-01-08,GBP,-0.2850664136622391,10.185185185185185
2019-01-18 22:30:00,2019-01-15,GBP,-0.2757356628945041,13.636363636363637
2019-01-25 22:30:00,2019-01-22,GBP,-0.2473877851361295,29.464285714285715
2019-02-01 22:30:00,2019-01-29,GBP,-0.17027905716607966,48.24561403508772
2019-02-08 22:30:00,2019-02-05,GBP,-0.17162387598160883,47.41379310344828
2019-02-15 22:30:00,2019-02-12,GBP,-0.22022789977333102,36.440677966101696
2019-02-22 22:30:00,2019-02-19,GBP,-0.23539900150566606,32.5
2019-03-01 22:30:00,2019-02-26,GBP,-0.1943087620320194,45.08196721311475
2019-03-08 22:30:00,2019-03-05,GBP,-0.18051442658025707,47.58064516129032
2019-03-15 22:30:00,2019-03-12,GBP,-0.1911867373839469,45.23809523809524
2019-03-22 22:30:00,2019-03-19,GBP,-0.0981872358019147,61.71875
2019-03-29 22:30:00,2019-03-26,GBP,-0.06003203760571361,62.30769230769231
2019-04-05 22:30:00,2019-04-02,GBP,-0.06736032449077874,61.36363636363637
2019-04-12 22:30:00,2019-04-09,GBP,-0.0457182950359586,63.43283582089552
2019-04-19 22:30:00,2019-04-16,GBP,0.006221238579776251,63.970588235294116
2019-04-26 22:30:00,2019-04-23,GBP,-0.011624886760299269,63.04347826086956
2019-05-03 22:30:00,2019-04-30,GBP,-0.02885685319354121,62.142857142857146
2019-05-10 22:30:00,2019-05-07,GBP,-0.04438322225161461,61.267605633802816
2019-05-17 22:30:00,2019-05-14,GBP,-0.021148171046509404,63.19444444444444
2019-05-24 22:30:00,2019-05-21,GBP,-0.13750387768085767,51.36986301369863
2019-05-31 22:30:00,2019-05-28,GBP,-0.14956294114897398,50.67567567567568
2019-06-07 22:30:00,2019-06-04,GBP,-0.21638396578594468,32.666666666666664
2019-06-14 22:30:00,2019-06-11,GBP,-0.20255356472753083,37.5
2019-06-21 22:30:00,2019-06-18,GBP,-0.2498039644332077,17.532467532467532
2019-06-28 22:30:00,2019-06-25,GBP,-0.2839748871318233,8.333333333333334
2019-07-05 22:30:00,2019-07-02,GBP,-0.2860488621538708,6.962025316455696
2019-07-12 22:30:00,2019-07-09,GBP,-0.2954162753796833,5.625
2019-07-19 22:30:00,2019-07-16,GBP,-0.3012538269734558,1.8518518518518519
2019-07-26 22:30:00,2019-07-23,GBP,-0.3167864615037309,1.829268292682927
2019-08-02 22:30:00,2019-07-30,GBP,-0.3266493709780277,1.8072289156626506
2019-08-09 22:30:00,2019-08-06,GBP,-0.3459097890227144,0.5952380952380952
2019-08-16 22:30:00,2019-08-13,GBP,-0.34979611654029663,0.5882352941176471
2019-08-23 22:30:00,2019-08-20,GBP,-0.337932068406946,4.069767441860465
2019-08-30 22:30:00,2019-08-27,GBP,-0.3253352822949023,6.32183908045977
2019-09-06 22:30:00,2019-09-03,GBP,-0.3118951820144202,8.522727272727273
2019-09-13 22:30:00,2019-09-10,GBP,-0.3257263535585762,6.179775280898877
2019-09-20 22:30:00,2019-09-17,GBP,-0.37346330802353767,0.5555555555555556
2019-09-27 22:30:00,2019-09-24,GBP,-0.3422342331657355,4.945054945054945
2019-10-04 22:30:00,2019-10-01,GBP,-0.323383335011242,10.326086956521738
2019-10-11 22:30:00,2019-10-08,GBP,-0.2965580649342233,15.591397849462366
2019-10-18 22:30:00,2019-10-15,GBP,-0.29983272299832725,14.361702127659575
2019-10-25 22:30:00,2019-10-22,GBP,-0.22777816387518243,40.526315789473685
2019-11-01 22:30:00,2019-10-29,GBP,-0.1511851347443635,60.9375
2019-11-08 22:30:00,2019-11-05,GBP,-0.1407300416349598,62.371134020618555
2019-11-15 22:30:00,2019-11-12,GBP,-0.1344070096315548,63.775510204081634
2019-11-22 22:30:00,2019-11-19,GBP,-0.1463158474055457,61.111111111111114
2019-11-29 22:30:00,2019-11-26,GBP,-0.16388491851904957,57.5
2019-12-06 22:30:00,2019-12-03,GBP,-0.126946441697576,65.84158415841584
2019-12-13 22:30:00,2019-12-10,GBP,-0.08824297513574193,68.13725490196079
2019-12-20 22:30:00,2019-12-17,GBP,-0.028672626075223476,73.30097087378641
2019-12-27 22:30:00,2019-12-24,GBP,0.04216052704294586,83.17307692307692
2020-01-03 22:30:00,2019-12-31,GBP,0.05993210306406685,85.23809523809524
2020-01-10 22:30:00,2020-01-07,GBP,0.0835991695782065,88.20754716981132
2020-01-17 22:30:00,2020-01-14,GBP,0.160438800016282,94.85981308411215
2020-01-24 22:30:00,2020-01-21,GBP,0.12805138086062942,89.35185185185185
2020-01-31 22:30:00,2020-01-28,GBP,0.08706544797680749,86.69724770642202
2020-02-07 22:30:00,2020-02-04,GBP,0.062388009511685445,82.27272727272727
2020-02-14 22:30:00,2020-02-11,GBP,0.09934598639199352,86.93693693693693
2020-02-21 22:30:00,2020-02-18,GBP,0.13487113532749742,90.625
2020-02-28 22:30:00,2020-02-25,GBP,0.14006180171398017,93.36283185840708
2020-03-06 22:30:00,2020-03-03,GBP,0.1637940672281434,95.17543859649123
2020-03-13 22:30:00,2020-03-10,GBP,0.12292177323341971,85.65217391304348
2020-03-20 22:30:00,2020-03-17,GBP,0.10235628112833522,84.05172413793103
2020-03-27 22:30:00,2020-03-24,GBP,0.060617536980930316,77.35042735042735
2020-04-03 22:30:00,2020-03-31,GBP,0.030219214893539757,69.0677966101695
2020-04-10 22:30:00,2020-04-07,GBP,0.02456791601804175,66.80672268907563
2020-04-17 22:30:00,2020-04-14,GBP,0.021112040133779264,66.25
2020-04-24 22:30:00,2020-04-21,GBP,-0.008690833060432779,64.87603305785125
2020-05-01 22:30:00,2020-04-28,GBP,-0.041020949480560946,61.0655737704918
2020-05-08 22:30:00,2020-05-05,GBP,-0.07452679674453543,57.31707317073171
2020-05-15 22:30:00,2020-05-12,GBP,-0.08217664857595697,56.854838709677416
2020-05-22 22:30:00,2020-05-19,GBP,-0.10565057251271323,54.8
2020-05-29 22:30:00,2020-05-26,GBP,-0.1179803869599788,53.57142857142857
2020-06-05 22:30:00,2020-06-02,GBP,-0.18956757723337786,40.55118110236221
2020-06-12 22:30:00,2020-06-09,GBP,-0.1295647770007435,51.953125
2020-06-19 22:30:00,2020-06-16,GBP,-0.09590667114287084,56.97674418604651
2020-06-26 22:30:00,2020-06-23,GBP,-0.10862691032823912,55.0
2020-07-03 22:30:00,2020-06-30,GBP,-0.11276216262678357,53.81679389312977
2020-07-10 22:30:00,2020-07-07,GBP,-0.0908044450347545,57.95454545454545
2020-07-17 22:30:00,2020-07-14,GBP,-0.0757555481208877,59.774436090225564
2020-07-24 22:30:00,2020-07-21,GBP,-0.08362122027093719,58.582089552238806
2020-07-31 22:30:00,2020-07-28,GBP,-0.14201954033267752,47.03703703703704
2020-08-07 22:30:00,2020-08-04,GBP,-0.08333144719569055,59.19117647058823
2020-08-14 22:30:00,2020-08-11,GBP,-0.015753527930262298,67.51824817518248
2020-08-21 22:30:00,2020-08-18,GBP,0.034772752789465525,75.0
2020-08-28 22:30:00,2020-08-25,GBP,0.03193376025729487,74.46043165467626
2020-09-04 22:30:00,2020-09-01,GBP,0.033828542028426264,74.64285714285714
2020-09-11 22:30:00,2020-09-08,GBP,0.06444786456329357,82.62411347517731
2020-09-18 22:30:00,2020-09-15,GBP,0.015287787771103215,67.95774647887323
2020-09-25 22:30:00,2020-09-22,GBP,0.019421674431404926,68.18181818181819
2020-10-02 22:30:00,2020-09-29,GBP,-0.08013253777137863,57.291666666666664
2020-10-09 22:30:00,2020-10-06,GBP,-0.07220691903084996,58.96551724137931
2020-10-16 22:30:00,2020-10-13,GBP,-0.06610511265924372,59.93150684931507
2020-10-23 22:30:00,2020-10-20,GBP,-0.013665309245948236,65.64625850340136
2020-10-30 22:30:00,2020-10-27,GBP,-0.04757686592753457,60.472972972972975
2020-11-06 22:30:00,2020-11-03,GBP,-0.07994331978039976,56.04026845637584
2020-11-13 22:30:00,2020-11-10,GBP,-0.12518925190666874,47.0
2020-11-20 22:30:00,2020-11-17,GBP,-0.14204733472412057,42.05298013245033
2020-11-27 22:30:00,2020-11-24,GBP,-0.1198254032652947,47.69736842105263
2020-12-04 22:30:00,2020-12-01,GBP,-0.053747125185417036,61.111111111111114
2020-12-11 22:30:00,2020-12-08,GBP,0.034778053890756715,76.94805194805195
2020-12-18 22:30:00,2020-12-15,GBP,0.028599147930990845,71.93548387096774
2020-12-24 22:30:00,2020-12-21,GBP,0.04171334522772222,79.16666666666667
2021-01-01 22:30:00,2020-12-29,GBP,0.03454636448130407,75.96153846153847
2021-01-08 22:30:00,2021-01-05,GBP,0.02559196698531517,70.83333333333333
2021-01-15 22:30:00,2021-01-12,GBP,0.08463027386152598,87.5
2021-01-22 22:30:00,2021-01-19,GBP,0.09317044651112198,88.78205128205128
2021-01-29 22:30:00,2021-01-26,GBP,0.05153405194166591,83.01282051282051
2021-02-05 22:30:00,2021-02-02,GBP,0.059689633767846056,83.65384615384616
2021-02-12 22:30:00,2021-02-09,GBP,0.12410599373534476,91.98717948717949
2021-02-19 22:30:00,2021-02-16,GBP,0.12946652805195716,92.62820512820512
2021-02-26 22:30:00,2021-02-23,GBP,0.17529325886566963,96.47435897435898
2021-03-05 22:30:00,2021-03-02,GBP,0.213045352290642,97.75641025641026
2021-03-12 22:30:00,2021-03-09,GBP,0.18696829186262565,95.83333333333333
2021-03-19 22:30:00,2021-03-16,GBP,0.19319755463235047,96.47435897435898
2021-03-26 22:30:00,2021-03-23,GBP,0.14933065045992117,93.26923076923077
2021-04-02 22:30:00,2021-03-30,GBP,0.17856044184033368,95.83333333333333
2021-04-09 22:30:00,2021-04-06,GBP,0.14194342468482313,93.26923076923077
2021-04-16 22:30:00,2021-04-13,GBP,0.1719931444702087,95.83333333333333
2021-04-23 22:30:00,2021-04-20,GBP,0.15329444857104588,94.55128205128206
2021-04-30 22:30:00,2021-04-27,GBP,0.18119577553007424,97.75641025641026
2021-05-07 22:30:00,2021-05-04,GBP,0.1299454632351497,90.7051282051282
2021-05-14 22:30:00,2021-05-11,GBP,0.16196826856748678,94.55128205128206
2021-05-21 22:30:00,2021-05-18,GBP,0.14380927078881406,91.98717948717949
2021-05-28 22:30:00,2021-05-25,GBP,0.18101575230852798,97.11538461538461
2021-06-04 22:30:00,2021-06-01,GBP,0.13825056446344455,89.42307692307692
2021-06-11 22:30:00,2021-06-08,GBP,0.1615016142003007,93.26923076923077
2021-06-18 22:30:00,2021-06-15,GBP,0.20613998551829757,99.03846153846153
2021-06-25 22:30:00,2021-06-22,GBP,0.10466487622606259,83.65384615384616
2021-07-02 22:30:00,2021-06-29,GBP,0.1047272942149737,83.65384615384616
2021-07-09 22:30:00,2021-07-06,GBP,0.12251164819921358,83.65384615384616
2021-07-16 22:30:00,2021-07-13,GBP,0.046238649221039194,74.03846153846153
2021-07-23 22:30:00,2021-07-20,GBP,-0.018523521217032952,61.217948717948715
2021-07-30 22:30:00,2021-07-27,GBP,-0.030662502090379937,58.65384615384615
2021-08-06 22:30:00,2021-08-03,GBP,-0.0004754717398395559,63.782051282051285
2021-08-13 22:30:00,2021-08-10,GBP,0.03952480782669462,72.11538461538461
2021-08-20 22:30:00,2021-08-17,GBP,0.026072820024105166,66.98717948717949
2021-08-27 22:30:00,2021-08-24,GBP,-0.08527443651141237,45.833333333333336
2021-09-03 22:30:00,2021-08-31,GBP,-0.07680016493995155,49.03846153846154
2021-09-10 22:30:00,2021-09-07,GBP,-0.12177427764177785,38.782051282051285
2021-09-17 22:30:00,2021-09-14,GBP,0.033588814013337354,68.91025641025641
2021-09-24 22:30:00,2021-09-21,GBP,-0.0013632838882357355,61.217948717948715
2021-10-01 22:30:00,2021-09-28,GBP,0.011433694468862976,62.5
2021-10-08 22:30:00,2021-10-05,GBP,-0.10978512432954184,38.782051282051285
2021-10-15 22:30:00,2021-10-12,GBP,-0.06931128456451174,49.03846153846154
2021-10-22 22:30:00,2021-10-19,GBP,0.010159724712350828,61.85897435897436
2021-10-29 22:30:00,2021-10-26,GBP,0.09554937857439535,80.44871794871794
2021-11-05 22:30:00,2021-11-02,GBP,0.09022064995802855,79.16666666666667
2021-11-12 22:30:00,2021-11-09,GBP,-0.06470374214812358,48.3974358974359
2021-11-19 22:30:00,2021-11-16,GBP,-0.15257920125157534,25.32051282051282
2021-11-26 22:30:00,2021-11-23,GBP,-0.16210451308640356,24.67948717948718
2021-12-03 22:30:00,2021-11-30,GBP,-0.16881561302474146,22.756410256410255
2021-12-10 22:30:00,2021-12-07,GBP,-0.16061852209307204,24.67948717948718
2021-12-17 22:30:00,2021-12-14,GBP,-0.23801885465034472,15.064102564102564
2021-12-24 22:30:00,2021-12-21,GBP,-0.27767428651195925,11.85897435897436
2021-12-31 22:30:00,2021-12-28,GBP,-0.24695439628392524,14.423076923076923
2022-01-07 22:30:00,2022-01-04,GBP,-0.19584814531491399,18.26923076923077
2022-01-14 22:30:00,2022-01-11,GBP,-0.14547141296703625,27.243589743589745
2022-01-21 22:30:00,2022-01-18,GBP,-0.0013480030998613795,58.65384615384615
2022-01-28 22:30:00,2022-01-25,GBP,-0.04264447374203472,50.96153846153846
2022-02-04 22:30:00,2022-02-01,GBP,-0.1282831631405327,29.807692307692307
2022-02-11 22:30:00,2022-02-08,GBP,-0.04316790268151231,50.32051282051282
2022-02-18 22:30:00,2022-02-15,GBP,0.011454055770038198,61.217948717948715
2022-02-25 22:30:00,2022-02-22,GBP,-0.03082629760723402,50.96153846153846
2022-03-04 22:30:00,2022-03-01,GBP,-0.0015906055156724203,56.73076923076923
2022-03-11 22:30:00,2022-03-08,GBP,-0.05085420117574459,45.833333333333336
2022-03-18 22:30:00,2022-03-15,GBP,-0.15431466151240156,19.55128205128205
2022-03-25 22:30:00,2022-03-22,GBP,-0.19030003270111184,16.346153846153847
2022-04-01 22:30:00,2022-03-29,GBP,-0.17859291779020792,17.628205128205128
2022-04-08 22:30:00,2022-04-05,GBP,-0.1752579050305121,18.26923076923077
2022-04-15 22:30:00,2022-04-12,GBP,-0.21553349150118625,15.064102564102564
2022-04-22 22:30:00,2022-04-19,GBP,-0.23610081393345062,13.782051282051283
2022-04-29 22:30:00,2022-04-26,GBP,-0.2552164286342708,11.85897435897436
2022-05-06 22:30:00,2022-05-03,GBP,-0.27491284786365533,11.85897435897436
2022-05-13 22:30:00,2022-05-10,GBP,-0.3008307066675737,8.012820512820513
2022-05-20 22:30:00,2022-05-17,GBP,-0.3122047507791231,6.730769230769231
2022-05-27 22:30:00,2022-05-24,GBP,-0.3165947121293291,6.730769230769231
2022-06-03 22:30:00,2022-05-31,GBP,-0.2930429727816641,11.85897435897436
2022-06-10 22:30:00,2022-06-07,GBP,-0.27379622075376125,15.064102564102564
2022-06-17 22:30:00,2022-06-14,GBP,-0.27524106041406166,14.423076923076923
2022-06-24 22:30:00,2022-06-21,GBP,-0.2770758676281181,13.782051282051283
2022-07-01 22:30:00,2022-06-28,GBP,-0.23222404868494684,18.26923076923077
2022-07-08 22:30:00,2022-07-05,GBP,-0.233299851406656,17.628205128205128
2022-07-15 22:30:00,2022-07-12,GBP,-0.2547543598697967,15.064102564102564
2022-07-22 22:30:00,2022-07-19,GBP,-0.2510403374683733,15.064102564102564
2022-07-29 22:30:00,2022-07-26,GBP,-0.2390111957642913,15.705128205128204
2022-08-05 22:30:00,2022-08-02,GBP,-0.24851202932326522,14.423076923076923
2022-08-12 22:30:00,2022-08-09,GBP,-0.15347691924071938,25.96153846153846
2022-08-19 22:30:00,2022-08-16,GBP,-0.1453730373388598,28.525641025641026
2022-08-26 22:30:00,2022-08-23,GBP,-0.11276294620716351,35.57692307692308
2022-09-02 22:30:00,2022-08-30,GBP,-0.11133417810415108,36.217948717948715
2022-09-09 22:30:00,2022-09-06,GBP,-0.17951355642012265,18.91025641025641
2022-09-16 22:30:00,2022-09-13,GBP,-0.22399289391870775,15.705128205128204
2022-09-23 22:30:00,2022-09-20,GBP,-0.20594829042978652,16.346153846153847
2022-09-30 22:30:00,2022-09-27,GBP,-0.16473802806905485,20.833333333333332
2022-10-07 22:30:00,2022-10-04,GBP,-0.19282928386258008,16.346153846153847
2022-10-14 22:30:00,2022-10-11,GBP,-0.15321788858943317,24.03846153846154
2022-10-21 22:30:00,2022-10-18,GBP,-0.19785879316606522,14.423076923076923
2022-10-28 22:30:00,2022-10-25,GBP,-0.18459738424290165,17.628205128205128
2022-11-04 22:30:00,2022-11-01,GBP,-0.18409437115323815,18.26923076923077
2022-11-11 22:30:00,2022-11-08,GBP,-0.16742228252167832,21.474358974358974
2022-11-18 22:30:00,2022-11-15,GBP,-0.14269324038904485,28.525641025641026
2022-11-25 22:30:00,2022-11-22,GBP,-0.16167004772464544,23.397435897435898
2022-12-02 22:30:00,2022-11-29,GBP,-0.16224942345219087,22.756410256410255
2022-12-09 22:30:00,2022-12-06,GBP,-0.1224127375592134,33.01282051282051
2022-12-16 22:30:00,2022-12-13,GBP,-0.10712799254153764,38.782051282051285
2022-12-23 22:30:00,2022-12-20,GBP,-0.029840333180661035,54.80769230769231
2022-12-30 22:30:00,2022-12-27,GBP,-0.055705075726565696,49.67948717948718
2023-01-06 22:30:00,2023-01-03,GBP,-0.09868171610231283,40.06410256410256
2023-01-13 22:30:00,2023-01-10,GBP,-0.14530888497530992,29.166666666666668
2023-01-20 22:30:00,2023-01-17,GBP,-0.12228901344847393,34.294871794871796
2023-01-27 22:30:00,2023-01-24,GBP,-0.12333870992677183,33.65384615384615
2023-02-03 22:30:00,2023-01-31,GBP,-0.09340023353882711,43.26923076923077
2023-02-10 22:30:00,2023-02-07,GBP,-0.0693157274690752,50.96153846153846
2023-02-17 22:30:00,2023-02-14,GBP,-0.09641235948489159,42.62820512820513
2023-02-24 22:30:00,2023-02-21,GBP,-0.1003081938342498,41.98717948717949
2023-03-03 22:30:00,2023-02-28,GBP,-0.11187188773200543,38.782051282051285
2023-03-10 22:30:00,2023-03-07,GBP,-0.07819085362017991,50.32051282051282
2023-03-17 22:30:00,2023-03-14,GBP,-0.08953494986477192,46.47435897435897
2023-03-24 22:30:00,2023-03-21,GBP,-0.10743411811568376,41.34615384615385
2023-03-31 22:30:00,2023-03-28,GBP,-0.12049952968959514,36.217948717948715
2023-04-07 22:30:00,2023-04-04,GBP,-0.06583737594018425,57.37179487179487
2023-04-14 22:30:00,2023-04-11,GBP,-0.010643964277471015,66.98717948717949
2023-04-21 22:30:00,2023-04-18,GBP,0.005798624719421385,70.1923076923077
2023-04-28 22:30:00,2023-04-25,GBP,0.02520438907737864,73.3974358974359
2023-05-05 22:30:00,2023-05-02,GBP,0.004598405885959534,68.91025641025641
2023-05-12 22:30:00,2023-05-09,GBP,0.01866631488688081,72.11538461538461
2023-05-19 22:30:00,2023-05-16,GBP,0.050949770396293975,81.08974358974359
2023-05-26 22:30:00,2023-05-23,GBP,0.0487723787318929,80.44871794871794
2023-06-02 22:30:00,2023-05-30,GBP,0.055076757899467754,81.73076923076923
2023-06-09 22:30:00,2023-06-06,GBP,0.05156184819735913,81.08974358974359
2023-06-16 22:30:00,2023-06-13,GBP,0.023196142586533495,70.1923076923077
2023-06-23 22:30:00,2023-06-20,GBP,0.2057702920465332,98.3974358974359
2023-06-30 22:30:00,2023-06-27,GBP,0.22609035961212332,99.67948717948718
2023-07-06 22:30:00,2023-07-03,GBP,0.22742182869501087,99.67948717948718
2023-07-14 22:30:00,2023-07-11,GBP,0.2428144276006273,99.67948717948718
2023-07-21 22:30:00,2023-07-18,GBP,0.23979365306322104,99.03846153846153
2023-07-28 22:30:00,2023-07-25,GBP,0.2485674559703379,99.67948717948718
2023-08-04 22:30:00,2023-08-01,GBP,0.22435787167392465,96.47435897435898
2023-08-11 22:30:00,2023-08-08,GBP,0.2272002473979725,97.11538461538461
2023-08-18 22:30:00,2023-08-15,GBP,0.23677904708832545,97.75641025641026
2023-08-25 22:30:00,2023-08-22,GBP,0.25903786062696393,99.67948717948718
2023-09-01 22:30:00,2023-08-29,GBP,0.2117130909472653,93.26923076923077
2023-09-08 22:30:00,2023-09-05,GBP,0.20578161878227538,91.98717948717949
2023-09-15 22:30:00,2023-09-12,GBP,0.20301885796945968,90.7051282051282
2023-09-22 22:30:00,2023-09-19,GBP,0.17624282507573893,86.85897435897436
2023-09-29 22:30:00,2023-09-26,GBP,0.06877103970716678,74.03846153846153
2023-10-06 22:30:00,2023-10-03,GBP,-0.02771266775913211,54.166666666666664
2023-10-13 22:30:00,2023-10-10,GBP,-0.043402012872014166,50.32051282051282
2023-10-20 22:30:00,2023-10-17,GBP,-0.05027697414160443,49.67948717948718
2023-10-27 22:30:00,2023-10-24,GBP,-0.07989402338173447,43.91025641025641
2023-11-03 22:30:00,2023-10-31,GBP,-0.088573031118609,42.62820512820513
2023-11-10 22:30:00,2023-11-07,GBP,-0.07639731114558361,45.19230769230769
2023-11-17 22:30:00,2023-11-14,GBP,-0.12813581564707893,30.44871794871795
2023-11-24 22:30:00,2023-11-21,GBP,-0.1250760817993166,31.08974358974359
2023-12-01 22:30:00,2023-11-28,GBP,-0.03632022523600096,52.243589743589745
2023-12-08 22:30:00,2023-12-05,GBP,0.053295746848629116,72.11538461538461
2023-12-15 22:30:00,2023-12-12,GBP,0.08856395966792106,74.67948717948718
2023-12-22 22:30:00,2023-12-19,GBP,0.11194507803458466,77.88461538461539
2023-12-29 22:30:00,2023-12-26,GBP,0.08046226404321163,72.75641025641026
2024-01-05 22:30:00,2024-01-02,GBP,0.08553186701918208,73.3974358974359
2024-01-12 22:30:00,2024-01-09,GBP,0.12010589059902335,77.88461538461539
2024-01-19 22:30:00,2024-01-16,GBP,0.17207022775064254,85.57692307692308
2024-01-26 22:30:00,2024-01-23,GBP,0.1693074105988798,84.2948717948718
2024-02-02 22:30:00,2024-01-30,GBP,0.17766830186912486,86.85897435897436
2024-02-09 22:30:00,2024-02-06,GBP,0.1730273129698965,84.93589743589743
2024-02-16 22:30:00,2024-02-13,GBP,0.25353895614607924,99.03846153846153
2024-02-23 22:30:00,2024-02-20,GBP,0.23240245891356165,95.83333333333333
2024-03-01 22:30:00,2024-02-27,GBP,0.2198854042157588,92.62820512820512
2024-03-08 22:30:00,2024-03-05,GBP,0.263320494664586,99.67948717948718
2024-03-15 22:30:00,2024-03-12,GBP,0.25369280739785816,98.3974358974359
2024-03-22 22:30:00,2024-03-19,GBP,0.26950627665933796,99.67948717948718
2024-03-29 22:30:00,2024-03-26,GBP,0.17315825492715733,84.2948717948718
2024-04-05 22:30:00,2024-04-02,GBP,0.19807825674343907,86.85897435897436
2024-04-12 22:30:00,2024-04-09,GBP,0.13371449125829443,77.88461538461539
2024-04-19 22:30:00,2024-04-16,GBP,0.03756865138174527,65.7051282051282
2024-04-26 22:30:00,2024-04-23,GBP,-0.10803431334192677,37.5
2024-05-03 22:30:00,2024-04-30,GBP,-0.12304231569118458,32.37179487179487
2024-05-10 22:30:00,2024-05-07,GBP,-0.09749698297054485,41.34615384615385
2024-05-17 22:30:00,2024-05-14,GBP,-0.08992483493249478,43.26923076923077
2024-05-24 22:30:00,2024-05-21,GBP,0.004701396578204808,62.5
2024-05-31 22:30:00,2024-05-28,GBP,0.09451942146761476,77.24358974358974
2024-06-07 22:30:00,2024-06-04,GBP,0.16138188608776843,82.37179487179488
2024-06-14 22:30:00,2024-06-11,GBP,0.1891958604217259,86.85897435897436
2024-06-21 22:30:00,2024-06-18,GBP,0.229716887840504,93.26923076923077
2024-06-28 22:30:00,2024-06-25,GBP,0.21207817156723496,89.42307692307692
2024-07-05 22:30:00,2024-07-02,GBP,0.31315017741862217,99.67948717948718
2024-07-12 22:30:00,2024-07-09,GBP,0.3777784716677298,99.67948717948718
2024-07-19 22:30:00,2024-07-16,GBP,0.473596248347427,99.67948717948718
2024-07-26 22:30:00,2024-07-23,GBP,0.49157277149505085,99.67948717948718
2024-08-02 22:30:00,2024-07-30,GBP,0.41507853169195025,98.3974358974359
2024-08-09 22:30:00,2024-08-06,GBP,0.33207612858303354,97.11538461538461
2024-08-16 22:30:00,2024-08-13,GBP,0.23258370668729234,90.06410256410257
2024-08-23 22:30:00,2024-08-20,GBP,0.2917716513313424,95.83333333333333
2024-08-30 22:30:00,2024-08-27,GBP,0.32795798916908264,96.47435897435898
2024-09-06 22:30:00,2024-09-03,GBP,0.37860863655630717,97.75641025641026
2024-09-13 22:30:00,2024-09-10,GBP,0.33153163738910757,95.83333333333333
2024-09-20 22:30:00,2024-09-17,GBP,0.29623932830028926,93.91025641025641
2024-09-27 22:30:00,2024-09-24,GBP,0.34569883286109976,96.47435897435898
2024-10-04 22:30:00,2024-10-01,GBP,0.36440197114786715,96.47435897435898
2024-10-11 22:30:00,2024-10-08,GBP,0.3639393844662926,95.83333333333333
2024-10-18 22:30:00,2024-10-15,GBP,0.3430021986807915,94.55128205128206
2024-10-25 22:30:00,2024-10-22,GBP,0.3240603137357146,91.98717948717949
2024-11-01 22:30:00,2024-10-29,GBP,0.29952829124066177,90.7051282051282
2024-11-08 22:30:00,2024-11-05,GBP,0.20506056209263293,75.32051282051282
2024-11-15 22:30:00,2024-11-12,GBP,0.26395723939814925,88.14102564102564
2024-11-22 22:30:00,2024-11-19,GBP,0.18250669998551355,72.11538461538461
2024-11-29 22:30:00,2024-11-26,GBP,0.09049535267001865,64.42307692307692
2024-12-06 22:30:00,2024-12-03,GBP,0.07936625271042776,61.85897435897436
2024-12-13 22:30:00,2024-12-10,GBP,0.08701579918197129,63.14102564102564
2024-12-20 22:30:00,2024-12-17,GBP,0.11567584898602613,65.7051282051282
2024-12-27 22:30:00,2024-12-24,GBP,0.10232255194763933,64.42307692307692
2025-01-03 22:30:00,2024-12-31,GBP,0.11030871616219907,64.42307692307692
2025-01-10 22:30:00,2025-01-07,GBP,0.07684483763309848,58.65384615384615
2025-01-17 22:30:00,2025-01-14,GBP,0.0021809925009709896,49.03846153846154
2025-01-24 22:30:00,2025-01-21,GBP,-0.03882212442638983,44.55128205128205
2025-01-31 22:30:00,2025-01-28,GBP,-0.10478626445090199,32.37179487179487
2025-02-07 22:30:00,2025-02-04,GBP,-0.055330232012665896,41.98717948717949
2025-02-14 22:30:00,2025-02-11,GBP,-0.015220670901036812,47.756410256410255
2025-02-21 22:30:00,2025-02-18,GBP,-0.002847027585189556,48.3974358974359
2025-02-28 22:30:00,2025-02-25,GBP,0.022262904802761538,52.243589743589745
2025-03-07 22:30:00,2025-03-04,GBP,0.09257653239231636,62.5
2025-03-14 22:30:00,2025-03-11,GBP,0.11749719267317886,65.7051282051282
2025-03-21 22:30:00,2025-03-18,GBP,0.16258481207248357,67.62820512820512
2025-03-28 22:30:00,2025-03-25,GBP,0.23159111352843964,81.08974358974359
2025-04-04 22:30:00,2025-04-01,GBP,0.18500748023081856,71.47435897435898
2025-04-11 22:30:00,2025-04-08,GBP,0.09784636255723249,60.57692307692308
2025-04-18 22:30:00,2025-04-15,GBP,0.036772764765036214,49.67948717948718
2025-04-25 22:30:00,2025-04-22,GBP,0.1141154520898889,62.5
2025-05-02 22:30:00,2025-04-29,GBP,0.12458400931819127,64.42307692307692
2025-05-09 22:30:00,2025-05-06,GBP,0.14601875992687824,65.06410256410257
2025-05-16 22:30:00,2025-05-13,GBP,0.13966878954742099,64.42307692307692
2025-05-23 22:30:00,2025-05-20,GBP,0.12283566959851736,62.5
2025-05-30 22:30:00,2025-05-27,GBP,0.17428937386078133,68.91025641025641
2025-06-06 22:30:00,2025-06-03,GBP,0.15074849850813996,64.42307692307692
2025-06-13 22:30:00,2025-06-10,GBP,0.24134804150696457,83.65384615384616
2025-06-20 22:30:00,2025-06-17,GBP,0.24209438161625976,83.65384615384616
2025-06-27 22:30:00,2025-06-24,GBP,0.19119167528266018,70.83333333333333
2025-07-04 22:30:00,2025-07-01,GBP,0.16640609680479518,63.782051282051285
2025-07-11 22:30:00,2025-07-08,GBP,0.17328523624821854,66.34615384615384
2025-07-18 22:30:00,2025-07-15,GBP,0.15587238018956082,61.217948717948715
2025-07-25 22:30:00,2025-07-22,GBP,0.002916093253592678,36.217948717948715
2025-08-01 22:30:00,2025-07-29,GBP,-0.05786058235800634,27.884615384615383
2025-08-08 22:30:00,2025-08-05,GBP,-0.1614659594480592,7.371794871794871
2025-08-15 22:30:00,2025-08-12,GBP,-0.18091742949435863,4.166666666666667
2025-08-22 22:30:00,2025-08-19,GBP,-0.11456527969212714,15.064102564102564
2025-08-29 22:30:00,2025-08-26,GBP,-0.14257455458241247,10.576923076923077
2025-09-05 22:30:00,2025-09-02,GBP,-0.14635417356704072,8.653846153846153
2025-09-12 22:30:00,2025-09-09,GBP,-0.10407923711359364,18.91025641025641
2025-09-19 22:30:00,2025-09-16,GBP,-0.02805599259799344,32.37179487179487
2025-09-26 22:30:00,2025-09-23,GBP,-0.008423183483012103,34.294871794871796
2025-10-03 22:30:00,2025-09-30,GBP,-0.039279941349491664,29.166666666666668
2025-10-10 22:30:00,2025-10-07,GBP,-0.01808119571803676,32.37179487179487
2025-10-17 22:30:00,2025-10-14,GBP,-0.04896008757157292,27.243589743589745
2025-10-24 22:30:00,2025-10-21,GBP,-0.07184646485412277,22.756410256410255
2025-10-31 22:30:00,2025-10-28,GBP,-0.08166275723647619,20.192307692307693
2025-11-07 22:30:00,2025-11-04,GBP,-0.2030843394840486,0.32051282051282054
2025-11-13 22:30:00,2025-11-10,GBP,-0.29714025794902643,0.32051282051282054
2025-11-21 22:30:00,2025-11-18,GBP,-0.28372848955219604,0.9615384615384616
2025-11-28 22:30:00,2025-11-25,GBP,-0.2954238630961813,0.9615384615384616
2025-12-05 22:30:00,2025-12-02,GBP,-0.2674735128499373,2.2435897435897436
2025-12-12 22:30:00,2025-12-09,GBP,-0.2271776898662776,2.8846153846153846
2025-12-19 22:30:00,2025-12-16,GBP,-0.17195982001978505,4.8076923076923075
2025-12-26 22:30:00,2025-12-23,GBP,-0.20793713282054388,3.5256410256410255
2026-01-02 22:30:00,2025-12-30,GBP,-0.1694208762110784,6.089743589743589
2026-01-09 22:30:00,2026-01-06,GBP,-0.14801710014831762,7.371794871794871
2026-01-16 22:30:00,2026-01-13,GBP,-0.1215681180755002,11.85897435897436
2026-01-23 22:30:00,2026-01-20,GBP,-0.10587056624857907,15.064102564102564
2026-01-30 22:30:00,2026-01-27,GBP,-0.07200424130910323,23.397435897435898
2026-02-06 22:30:00,2026-02-03,GBP,-0.061043144000561676,25.32051282051282
2026-02-13 22:30:00,2026-02-10,GBP,-0.11341365885382337,13.14102564102564
2026-02-20 22:30:00,2026-02-17,GBP,-0.1775377336766522,5.448717948717949
2026-02-27 22:30:00,2026-02-24,GBP,-0.2321028423163109,2.8846153846153846
2026-03-06 22:30:00,2026-03-03,GBP,-0.2695108566682487,2.2435897435897436
2026-03-13 22:30:00,2026-03-10,GBP,-0.21446492660300415,4.8076923076923075
2026-03-20 22:30:00,2026-03-17,GBP,-0.26912838798195815,2.8846153846153846
2026-03-27 22:30:00,2026-03-24,GBP,-0.24458473930554045,4.166666666666667
2026-04-03 22:30:00,2026-03-31,GBP,-0.21631801397349062,6.089743589743589
2026-04-10 22:30:00,2026-04-07,GBP,-0.2307783661150493,5.448717948717949
2026-04-17 22:30:00,2026-04-14,GBP,-0.2188496038839766,6.730769230769231
2026-04-24 22:30:00,2026-04-21,GBP,-0.19747422426125993,9.935897435897436
2026-05-01 22:30:00,2026-04-28,GBP,-0.23001118971305023,6.089743589743589
2026-05-08 22:30:00,2026-05-05,GBP,-0.2314308166421021,5.448717948717949
2026-05-15 22:30:00,2026-05-12,GBP,-0.15180702502794005,15.064102564102564
2026-05-22 22:30:00,2026-05-19,GBP,-0.2251275175303784,8.012820512820513
2026-05-29 22:30:00,2026-05-26,GBP,-0.21767323134738448,9.294871794871796
2026-06-05 22:30:00,2026-06-02,GBP,-0.1925818836277001,13.14102564102564
2026-06-12 22:30:00,2026-06-09,GBP,-0.22038226178995166,8.653846153846153
2026-06-19 22:30:00,2026-06-16,GBP,-0.2214094613612112,8.653846153846153
2026-06-26 22:30:00,2026-06-23,GBP,-0.3556855725945913,0.32051282051282054
2026-07-03 22:30:00,2026-06-30,GBP,-0.34618825873884135,0.9615384615384616
2026-07-10 22:30:00,2026-07-07,GBP,-0.3106453357081518,1.6025641025641026
2026-07-17 22:30:00,2026-07-14,GBP,-0.2687240951450672,5.448717948717949
2026-07-24 22:30:00,2026-07-21,GBP,-0.2118376855357422,15.064102564102564
2026-07-31 22:30:00,2026-07-28,GBP,-0.2423623731424768,7.371794871794871
2026-08-07 22:30:00,2026-08-04,GBP,-0.23446631275423094,8.012820512820513
2026-08-14 22:30:00,2026-08-11,GBP,-0.21923048427160388,13.782051282051283
2018-12-27 22:30:00,2018-12-24,JPY,-0.44145898119024496,31.73076923076923
2019-01-03 22:30:00,2018-12-31,JPY,-0.40986661980168715,38.679245283018865
2019-01-11 22:30:00,2019-01-08,JPY,-0.26597664451423714,63.888888888888886
2019-01-18 22:30:00,2019-01-15,JPY,-0.20245099108135808,75.45454545454545
2019-01-25 22:30:00,2019-01-22,JPY,-0.18661291005490138,75.89285714285714
2019-02-01 22:30:00,2019-01-29,JPY,-0.16280466369814858,76.3157894736842
2019-02-08 22:30:00,2019-02-05,JPY,-0.16292423322907426,75.0
2019-02-15 22:30:00,2019-02-12,JPY,-0.1655242966751918,73.72881355932203
2019-02-22 22:30:00,2019-02-19,JPY,-0.2035669454361683,69.16666666666667
2019-03-01 22:30:00,2019-02-26,JPY,-0.21301260219813276,68.0327868852459
2019-03-08 22:30:00,2019-03-05,JPY,-0.24775573079393287,60.483870967741936
2019-03-15 22:30:00,2019-03-12,JPY,-0.2987355539066709,48.41269841269841
2019-03-22 22:30:00,2019-03-19,JPY,-0.3746409909282994,36.71875
2019-03-29 22:30:00,2019-03-26,JPY,-0.39531006395367335,34.61538461538461
2019-04-05 22:30:00,2019-04-02,JPY,-0.4000369808337265,32.57575757575758
2019-04-12 22:30:00,2019-04-09,JPY,-0.43152966163054496,29.104477611940297
2019-04-19 22:30:00,2019-04-16,JPY,-0.4354908058274755,28.676470588235293
2019-04-26 22:30:00,2019-04-23,JPY,-0.4554110633043277,12.318840579710145
2019-05-03 22:30:00,2019-04-30,JPY,-0.4898560418644226,6.428571428571429
2019-05-10 22:30:00,2019-05-07,JPY,-0.45525707081236166,14.788732394366198
2019-05-17 22:30:00,2019-05-14,JPY,-0.34102551322733743,47.916666666666664
2019-05-24 22:30:00,2019-05-21,JPY,-0.3230738611751759,50.0
2019-05-31 22:30:00,2019-05-28,JPY,-0.3273278756110489,49.32432432432432
2019-06-07 22:30:00,2019-06-04,JPY,-0.2645193969370121,63.333333333333336
2019-06-14 22:30:00,2019-06-11,JPY,-0.2666379356148937,61.18421052631579
2019-06-21 22:30:00,2019-06-18,JPY,-0.13398959790987552,83.76623376623377
2019-06-28 22:30:00,2019-06-25,JPY,-0.0727701719031261,83.97435897435898
2019-07-05 22:30:00,2019-07-02,JPY,-0.008804850920311434,90.50632911392405
2019-07-12 22:30:00,2019-07-09,JPY,-0.026897603453737744,85.625
2019-07-19 22:30:00,2019-07-16,JPY,-0.08733423379174853,80.8641975308642
2019-07-26 22:30:00,2019-07-23,JPY,-0.06882454401996403,82.3170731707317
2019-08-02 22:30:00,2019-07-30,JPY,-0.030379856239466443,84.93975903614458
2019-08-09 22:30:00,2019-08-06,JPY,0.0688739907915846,99.4047619047619
2019-08-16 22:30:00,2019-08-13,JPY,0.15437602560662878,99.41176470588235
2019-08-23 22:30:00,2019-08-20,JPY,0.20143280185178,99.4186046511628
2019-08-30 22:30:00,2019-08-27,JPY,0.21288847220990487,99.42528735632185
2019-09-06 22:30:00,2019-09-03,JPY,0.17543792937358987,97.1590909090909
2019-09-13 22:30:00,2019-09-10,JPY,0.21526846635005978,99.43820224719101
2019-09-20 22:30:00,2019-09-17,JPY,0.1822361386894761,96.11111111111111
2019-09-27 22:30:00,2019-09-24,JPY,0.09000464703645811,92.85714285714286
2019-10-04 22:30:00,2019-10-01,JPY,0.09164361912287633,92.93478260869566
2019-10-11 22:30:00,2019-10-08,JPY,0.07340403548883807,90.86021505376344
2019-10-18 22:30:00,2019-10-15,JPY,-0.04210973514175021,73.93617021276596
2019-10-25 22:30:00,2019-10-22,JPY,-0.11406593406593407,68.94736842105263
2019-11-01 22:30:00,2019-10-29,JPY,-0.12048738118248657,68.22916666666667
2019-11-08 22:30:00,2019-11-05,JPY,-0.15022077174121712,65.4639175257732
2019-11-15 22:30:00,2019-11-12,JPY,-0.1907401351645956,60.714285714285715
2019-11-22 22:30:00,2019-11-19,JPY,-0.19200855052207513,60.101010101010104
2019-11-29 22:30:00,2019-11-26,JPY,-0.20107773725964223,59.5
2019-12-06 22:30:00,2019-12-03,JPY,-0.22323933471195903,53.960396039603964
2019-12-13 22:30:00,2019-12-10,JPY,-0.2198389531957725,55.3921568627451
2019-12-20 22:30:00,2019-12-17,JPY,-0.23560317931540534,50.970873786407765
2019-12-27 22:30:00,2019-12-24,JPY,-0.1937253814787862,61.05769230769231
2020-01-03 22:30:00,2019-12-31,JPY,-0.1446109529851514,68.0952380952381
2020-01-10 22:30:00,2020-01-07,JPY,-0.0755610941799203,73.11320754716981
2020-01-17 22:30:00,2020-01-14,JPY,-0.17094249522742477,63.08411214953271
2020-01-24 22:30:00,2020-01-21,JPY,-0.21957569297422622,54.166666666666664
2020-01-31 22:30:00,2020-01-28,JPY,-0.19481502711998228,59.174311926605505
2020-02-07 22:30:00,2020-02-04,JPY,-0.1152047306646184,71.36363636363636
2020-02-14 22:30:00,2020-02-11,JPY,-0.13511366098791674,68.91891891891892
2020-02-21 22:30:00,2020-02-18,JPY,-0.13367807455642805,70.08928571428571
2020-02-28 22:30:00,2020-02-25,JPY,-0.2518445405173646,43.80530973451327
2020-03-06 22:30:00,2020-03-03,JPY,-0.21332231205016028,53.94736842105263
2020-03-13 22:30:00,2020-03-10,JPY,0.05126062038107687,90.8695652173913
2020-03-20 22:30:00,2020-03-17,JPY,0.261868982022597,99.56896551724138
2020-03-27 22:30:00,2020-03-24,JPY,0.19000111470293166,96.15384615384616
2020-04-03 22:30:00,2020-03-31,JPY,0.15200798204040908,92.79661016949153
2020-04-10 22:30:00,2020-04-07,JPY,0.18896243517854885,95.3781512605042
2020-04-17 22:30:00,2020-04-14,JPY,0.18419575527336918,94.58333333333333
2020-04-24 22:30:00,2020-04-21,JPY,0.20289696894100037,97.10743801652893
2020-05-01 22:30:00,2020-04-28,JPY,0.22474362985365176,98.77049180327869
2020-05-08 22:30:00,2020-05-05,JPY,0.17899001591665462,91.46341463414635
2020-05-15 22:30:00,2020-05-12,JPY,0.18215426745778182,91.53225806451613
2020-05-22 22:30:00,2020-05-19,JPY,0.1856394661260348,93.2
2020-05-29 22:30:00,2020-05-26,JPY,0.22066991015577675,98.01587301587301
2020-06-05 22:30:00,2020-06-02,JPY,0.20523109680426854,95.66929133858268
2020-06-12 22:30:00,2020-06-09,JPY,0.1125426175729413,85.546875
2020-06-19 22:30:00,2020-06-16,JPY,0.17370194913856088,87.20930232558139
2020-06-26 22:30:00,2020-06-23,JPY,0.18995634698268407,92.6923076923077
2020-07-03 22:30:00,2020-06-30,JPY,0.1737088860092311,86.6412213740458
2020-07-10 22:30:00,2020-07-07,JPY,0.12155039656431427,83.71212121212122
2020-07-17 22:30:00,2020-07-14,JPY,0.1354842048453753,83.83458646616542
2020-07-24 22:30:00,2020-07-21,JPY,0.13531110270103583,83.2089552238806
2020-07-31 22:30:00,2020-07-28,JPY,0.16742331252312517,85.55555555555556
2020-08-07 22:30:00,2020-08-04,JPY,0.19895801681353187,93.75
2020-08-14 22:30:00,2020-08-11,JPY,0.17992793824800699,87.95620437956204
2020-08-21 22:30:00,2020-08-18,JPY,0.1399548532731377,82.2463768115942
2020-08-28 22:30:00,2020-08-25,JPY,0.1600509647380941,83.81294964028777
2020-09-04 22:30:00,2020-09-01,JPY,0.20287550883348637,94.64285714285714
2020-09-11 22:30:00,2020-09-08,JPY,0.14346798991725285,81.20567375886525
2020-09-18 22:30:00,2020-09-15,JPY,0.15370823036424197,82.04225352112677
2020-09-25 22:30:00,2020-09-22,JPY,0.1747759245144785,85.66433566433567
2020-10-02 22:30:00,2020-09-29,JPY,0.15659705113141037,82.29166666666667
2020-10-09 22:30:00,2020-10-06,JPY,0.129441063892433,76.89655172413794
2020-10-16 22:30:00,2020-10-13,JPY,0.1206163655685441,75.68493150684931
2020-10-23 22:30:00,2020-10-20,JPY,0.08539294723976615,73.12925170068027
2020-10-30 22:30:00,2020-10-27,JPY,0.10073639526635214,74.66216216216216
2020-11-06 22:30:00,2020-11-03,JPY,0.15208578032053954,80.87248322147651
2020-11-13 22:30:00,2020-11-10,JPY,0.2282827842500463,99.0
2020-11-20 22:30:00,2020-11-17,JPY,0.1797204872995584,87.08609271523179
2020-11-27 22:30:00,2020-11-24,JPY,0.22418566820610242,97.69736842105263
2020-12-04 22:30:00,2020-12-01,JPY,0.2555669731483325,99.01960784313725
2020-12-11 22:30:00,2020-12-08,JPY,0.2491439330457362,98.37662337662337
2020-12-18 22:30:00,2020-12-15,JPY,0.227414040151668,97.09677419354838
2020-12-24 22:30:00,2020-12-21,JPY,0.2341588559526531,97.75641025641026
2021-01-01 22:30:00,2020-12-29,JPY,0.24350231931459368,97.75641025641026
2021-01-08 22:30:00,2021-01-05,JPY,0.24250711479829729,97.11538461538461
2021-01-15 22:30:00,2021-01-12,JPY,0.2647646100067606,99.67948717948718
2021-01-22 22:30:00,2021-01-19,JPY,0.2611151717656886,98.3974358974359
2021-01-29 22:30:00,2021-01-26,JPY,0.2321305115002425,94.55128205128206
2021-02-05 22:30:00,2021-02-02,JPY,0.23372331734294152,94.55128205128206
2021-02-12 22:30:00,2021-02-09,JPY,0.18824258704411612,83.65384615384616
2021-02-19 22:30:00,2021-02-16,JPY,0.19765148655903975,85.57692307692308
2021-02-26 22:30:00,2021-02-23,JPY,0.15619355296403215,73.3974358974359
2021-03-05 22:30:00,2021-03-02,JPY,0.10181222592064247,65.06410256410257
2021-03-12 22:30:00,2021-03-09,JPY,0.03082135066975164,59.93589743589744
2021-03-19 22:30:00,2021-03-16,JPY,-0.269734362902618,22.756410256410255
2021-03-26 22:30:00,2021-03-23,JPY,-0.33332087855972997,17.628205128205128
2021-04-02 22:30:00,2021-03-30,JPY,-0.3581229566924156,15.705128205128204
2021-04-09 22:30:00,2021-04-06,JPY,-0.35292435031343194,16.346153846153847
2021-04-16 22:30:00,2021-04-13,JPY,-0.3524853262085099,16.987179487179485
2021-04-23 22:30:00,2021-04-20,JPY,-0.36777969738516686,15.705128205128204
2021-04-30 22:30:00,2021-04-27,JPY,-0.3131754619288029,23.397435897435898
2021-05-07 22:30:00,2021-05-04,JPY,-0.2717650449317509,26.602564102564102
2021-05-14 22:30:00,2021-05-11,JPY,-0.2737985879635705,25.96153846153846
2021-05-21 22:30:00,2021-05-18,JPY,-0.3292767261046876,20.833333333333332
2021-05-28 22:30:00,2021-05-25,JPY,-0.3273975821823024,21.474358974358974
2021-06-04 22:30:00,2021-06-01,JPY,-0.29067005570944715,25.96153846153846
2021-06-11 22:30:00,2021-06-08,JPY,-0.23091489677706817,35.57692307692308
2021-06-18 22:30:00,2021-06-15,JPY,-0.30155961354025196,25.32051282051282
2021-06-25 22:30:00,2021-06-22,JPY,-0.2826733842399433,27.243589743589745
2021-07-02 22:30:00,2021-06-29,JPY,-0.35715745689787326,16.987179487179485
2021-07-09 22:30:00,2021-07-06,JPY,-0.33668872753127727,20.192307692307693
2021-07-16 22:30:00,2021-07-13,JPY,-0.2761047872888719,30.44871794871795
2021-07-23 22:30:00,2021-07-20,JPY,-0.28981128543273305,27.884615384615383
2021-07-30 22:30:00,2021-07-27,JPY,-0.3056266636750263,25.32051282051282
2021-08-06 22:30:00,2021-08-03,JPY,-0.29163716299764325,26.602564102564102
2021-08-13 22:30:00,2021-08-10,JPY,-0.2942643270541549,25.96153846153846
2021-08-20 22:30:00,2021-08-17,JPY,-0.32167739637140896,22.756410256410255
2021-08-27 22:30:00,2021-08-24,JPY,-0.3428220303686297,18.26923076923077
2021-09-03 22:30:00,2021-08-31,JPY,-0.32541404852602335,22.756410256410255
2021-09-10 22:30:00,2021-09-07,JPY,-0.3048646268985252,26.602564102564102
2021-09-17 22:30:00,2021-09-14,JPY,-0.31389259089583943,24.67948717948718
2021-09-24 22:30:00,2021-09-21,JPY,-0.2932384304414449,28.525641025641026
2021-10-01 22:30:00,2021-09-28,JPY,-0.2948487966563163,27.243589743589745
2021-10-08 22:30:00,2021-10-05,JPY,-0.28136002014321115,31.08974358974359
2021-10-15 22:30:00,2021-10-12,JPY,-0.31456753839017804,22.115384615384617
2021-10-22 22:30:00,2021-10-19,JPY,-0.38513214620431113,11.217948717948717
2021-10-29 22:30:00,2021-10-26,JPY,-0.40352266129822734,9.294871794871796
2021-11-05 22:30:00,2021-11-02,JPY,-0.4286818185439221,8.012820512820513
2021-11-12 22:30:00,2021-11-09,JPY,-0.4333880462550445,6.730769230769231
2021-11-19 22:30:00,2021-11-16,JPY,-0.3682368711372614,11.85897435897436
2021-11-26 22:30:00,2021-11-23,JPY,-0.3862296019475697,9.935897435897436
2021-12-03 22:30:00,2021-11-30,JPY,-0.3639543684123087,12.5
2021-12-10 22:30:00,2021-12-07,JPY,-0.30626304801670146,23.397435897435898
2021-12-17 22:30:00,2021-12-14,JPY,-0.30310220631540796,24.67948717948718
2021-12-24 22:30:00,2021-12-21,JPY,-0.28456050026395563,29.807692307692307
2021-12-31 22:30:00,2021-12-28,JPY,-0.2605414740891205,35.57692307692308
2022-01-07 22:30:00,2022-01-04,JPY,-0.265999624040877,34.294871794871796
2022-01-14 22:30:00,2022-01-11,JPY,-0.3740304694344138,8.653846153846153
2022-01-21 22:30:00,2022-01-18,JPY,-0.4007481914577346,5.448717948717949
2022-01-28 22:30:00,2022-01-25,JPY,-0.34510943739574385,14.423076923076923
2022-02-04 22:30:00,2022-02-01,JPY,-0.31187800550312444,23.397435897435898
2022-02-11 22:30:00,2022-02-08,JPY,-0.30104133796150206,27.243589743589745
2022-02-18 22:30:00,2022-02-15,JPY,-0.33176382098533286,17.628205128205128
2022-02-25 22:30:00,2022-02-22,JPY,-0.32542269878301894,20.192307692307693
2022-03-04 22:30:00,2022-03-01,JPY,-0.32944605016560496,18.26923076923077
2022-03-11 22:30:00,2022-03-08,JPY,-0.2676595601941701,38.14102564102564
2022-03-18 22:30:00,2022-03-15,JPY,-0.2893022219747174,33.01282051282051
2022-03-25 22:30:00,2022-03-22,JPY,-0.31617792209361817,22.115384615384617
2022-04-01 22:30:00,2022-03-29,JPY,-0.42608198649967877,4.8076923076923075
2022-04-08 22:30:00,2022-04-05,JPY,-0.4286610766378908,4.166666666666667
2022-04-15 22:30:00,2022-04-12,JPY,-0.45568717578839707,0.9615384615384616
2022-04-22 22:30:00,2022-04-19,JPY,-0.42654531996768685,4.166666666666667
2022-04-29 22:30:00,2022-04-26,JPY,-0.40141599613437257,5.448717948717949
2022-05-06 22:30:00,2022-05-03,JPY,-0.3955606660570693,6.089743589743589
2022-05-13 22:30:00,2022-05-10,JPY,-0.446679445805935,0.9615384615384616
2022-05-20 22:30:00,2022-05-17,JPY,-0.4239768262966831,4.8076923076923075
2022-05-27 22:30:00,2022-05-24,JPY,-0.4191421923997707,5.448717948717949
2022-06-03 22:30:00,2022-05-31,JPY,-0.3950100384808432,8.653846153846153
2022-06-10 22:30:00,2022-06-07,JPY,-0.3444639058236298,16.346153846153847
2022-06-17 22:30:00,2022-06-14,JPY,-0.30000473091827123,30.44871794871795
2022-06-24 22:30:00,2022-06-21,JPY,-0.2680441680881894,40.06410256410256
2022-07-01 22:30:00,2022-06-28,JPY,-0.24592196176210546,43.26923076923077
2022-07-08 22:30:00,2022-07-05,JPY,-0.2501240398397589,43.26923076923077
2022-07-15 22:30:00,2022-07-12,JPY,-0.2684005922903833,40.06410256410256
2022-07-22 22:30:00,2022-07-19,JPY,-0.25811836181460807,43.26923076923077
2022-07-29 22:30:00,2022-07-26,JPY,-0.2682194756979133,40.705128205128204
2022-08-05 22:30:00,2022-08-02,JPY,-0.1805928097424568,53.52564102564103
2022-08-12 22:30:00,2022-08-09,JPY,-0.11084247721777943,59.294871794871796
2022-08-19 22:30:00,2022-08-16,JPY,-0.12632872315771523,57.37179487179487
2022-08-26 22:30:00,2022-08-23,JPY,-0.16027208299605175,54.80769230769231
2022-09-02 22:30:00,2022-08-30,JPY,-0.1681212808160952,54.80769230769231
2022-09-09 22:30:00,2022-09-06,JPY,-0.2068824529093456,50.32051282051282
2022-09-16 22:30:00,2022-09-13,JPY,-0.2864303056979369,35.57692307692308
2022-09-23 22:30:00,2022-09-20,JPY,-0.323964096105097,22.756410256410255
2022-09-30 22:30:00,2022-09-27,JPY,-0.3374384337127792,17.628205128205128
2022-10-07 22:30:00,2022-10-04,JPY,-0.33549811129972995,18.91025641025641
2022-10-14 22:30:00,2022-10-11,JPY,-0.3158807707534887,25.96153846153846
2022-10-21 22:30:00,2022-10-18,JPY,-0.3569750061491306,14.423076923076923
2022-10-28 22:30:00,2022-10-25,JPY,-0.37644581561792684,10.576923076923077
2022-11-04 22:30:00,2022-11-01,JPY,-0.2997999273867736,34.93589743589744
2022-11-11 22:30:00,2022-11-08,JPY,-0.29938180747718574,35.57692307692308
2022-11-18 22:30:00,2022-11-15,JPY,-0.2821646824886649,42.62820512820513
2022-11-25 22:30:00,2022-11-22,JPY,-0.2851364126014026,41.34615384615385
2022-12-02 22:30:00,2022-11-29,JPY,-0.29516309870011564,36.217948717948715
2022-12-09 22:30:00,2022-12-06,JPY,-0.2953845602979089,36.217948717948715
2022-12-16 22:30:00,2022-12-13,JPY,-0.23434553497470964,54.80769230769231
2022-12-23 22:30:00,2022-12-20,JPY,-0.22457892481624311,56.08974358974359
2022-12-30 22:30:00,2022-12-27,JPY,-0.21792117179558265,57.37179487179487
2023-01-06 22:30:00,2023-01-03,JPY,-0.27153369256619736,47.756410256410255
2023-01-13 22:30:00,2023-01-10,JPY,-0.20129733420580956,59.93589743589744
2023-01-20 22:30:00,2023-01-17,JPY,-0.1298243828521672,63.782051282051285
2023-01-27 22:30:00,2023-01-24,JPY,-0.12482618955579532,64.42307692307692
2023-02-03 22:30:00,2023-01-31,JPY,-0.11902219057790435,65.06410256410257
2023-02-10 22:30:00,2023-02-07,JPY,-0.1772973565999671,60.57692307692308
2023-02-17 22:30:00,2023-02-14,JPY,-0.1591437798290989,62.5
2023-02-24 22:30:00,2023-02-21,JPY,-0.18285330467490596,59.294871794871796
2023-03-03 22:30:00,2023-02-28,JPY,-0.29332106954865605,38.782051282051285
2023-03-10 22:30:00,2023-03-07,JPY,-0.35638461502056346,15.705128205128204
2023-03-17 22:30:00,2023-03-14,JPY,-0.41602607602540853,6.089743589743589
2023-03-24 22:30:00,2023-03-21,JPY,-0.39213774026526704,9.935897435897436
2023-03-31 22:30:00,2023-03-28,JPY,-0.31848731066305547,28.525641025641026
2023-04-07 22:30:00,2023-04-04,JPY,-0.3189433422059185,28.525641025641026
2023-04-14 22:30:00,2023-04-11,JPY,-0.3235287464229564,27.884615384615383
2023-04-21 22:30:00,2023-04-18,JPY,-0.3203760978440287,29.166666666666668
2023-04-28 22:30:00,2023-04-25,JPY,-0.37352546443455537,13.14102564102564
2023-05-05 22:30:00,2023-05-02,JPY,-0.3365780606514414,22.756410256410255
2023-05-12 22:30:00,2023-05-09,JPY,-0.3168392410190368,32.37179487179487
2023-05-19 22:30:00,2023-05-16,JPY,-0.3231229583821659,29.807692307692307
2023-05-26 22:30:00,2023-05-23,JPY,-0.3562720848056537,18.26923076923077
2023-06-02 22:30:00,2023-05-30,JPY,-0.39547026151449,9.294871794871796
2023-06-09 22:30:00,2023-06-06,JPY,-0.4272455285083071,3.5256410256410255
2023-06-16 22:30:00,2023-06-13,JPY,-0.41167853155214873,7.371794871794871
2023-06-23 22:30:00,2023-06-20,JPY,-0.4512818793071648,0.9615384615384616
2023-06-30 22:30:00,2023-06-27,JPY,-0.44874445380957684,1.6025641025641026
2023-07-06 22:30:00,2023-07-03,JPY,-0.444870334180921,2.8846153846153846
2023-07-14 22:30:00,2023-07-11,JPY,-0.4643648280754035,0.32051282051282054
2023-07-21 22:30:00,2023-07-18,JPY,-0.3907600505776592,15.064102564102564
2023-07-28 22:30:00,2023-07-25,JPY,-0.34747944225956384,25.32051282051282
2023-08-04 22:30:00,2023-08-01,JPY,-0.3458987402571884,25.96153846153846
2023-08-11 22:30:00,2023-08-08,JPY,-0.3618897624092339,20.833333333333332
2023-08-18 22:30:00,2023-08-15,JPY,-0.32651620865160474,34.93589743589744
2023-08-25 22:30:00,2023-08-22,JPY,-0.38604342244343376,16.346153846153847
2023-09-01 22:30:00,2023-08-29,JPY,-0.40119045678992227,11.85897435897436
2023-09-08 22:30:00,2023-09-05,JPY,-0.3619831261366008,22.115384615384617
2023-09-15 22:30:00,2023-09-12,JPY,-0.3644509588191424,21.474358974358974
2023-09-22 22:30:00,2023-09-19,JPY,-0.38222748815165875,18.26923076923077
2023-09-29 22:30:00,2023-09-26,JPY,-0.38294390399127193,18.26923076923077
2023-10-06 22:30:00,2023-10-03,JPY,-0.40323756022668583,11.217948717948717
2023-10-13 22:30:00,2023-10-10,JPY,-0.38269272939212196,19.55128205128205
2023-10-20 22:30:00,2023-10-17,JPY,-0.38373809906512013,18.91025641025641
2023-10-27 22:30:00,2023-10-24,JPY,-0.3818534431545098,21.474358974358974
2023-11-03 22:30:00,2023-10-31,JPY,-0.37453475287804033,22.756410256410255
2023-11-10 22:30:00,2023-11-07,JPY,-0.4006191807407065,13.782051282051283
2023-11-17 22:30:00,2023-11-14,JPY,-0.4757728400112506,0.32051282051282054
2023-11-24 22:30:00,2023-11-21,JPY,-0.3980853368969019,15.064102564102564
2023-12-01 22:30:00,2023-11-28,JPY,-0.4188840444664297,9.935897435897436
2023-12-08 22:30:00,2023-12-05,JPY,-0.3923852820002841,18.26923076923077
2023-12-15 22:30:00,2023-12-12,JPY,-0.3149727658484127,53.52564102564103
2023-12-22 22:30:00,2023-12-19,JPY,-0.3490480800258148,36.217948717948715
2023-12-29 22:30:00,2023-12-26,JPY,-0.2947279091969874,65.06410256410257
2024-01-05 22:30:00,2024-01-02,JPY,-0.3107714543419437,57.37179487179487
2024-01-12 22:30:00,2024-01-09,JPY,-0.27932740552873453,74.67948717948718
2024-01-19 22:30:00,2024-01-16,JPY,-0.26515524427004955,81.73076923076923
2024-01-26 22:30:00,2024-01-23,JPY,-0.2906818855130189,68.91025641025641
2024-02-02 22:30:00,2024-01-30,JPY,-0.3324188423701292,43.26923076923077
2024-02-09 22:30:00,2024-02-06,JPY,-0.32453321620392844,48.3974358974359
2024-02-16 22:30:00,2024-02-13,JPY,-0.3661816462677943,29.166666666666668
2024-02-23 22:30:00,2024-02-20,JPY,-0.39542558555255075,17.628205128205128
2024-03-01 22:30:00,2024-02-27,JPY,-0.4285880380967145,6.730769230769231
2024-03-08 22:30:00,2024-03-05,JPY,-0.37777587050917716,26.602564102564102
2024-03-15 22:30:00,2024-03-12,JPY,-0.31418438627466033,59.294871794871796
2024-03-22 22:30:00,2024-03-19,JPY,-0.3835107438016529,24.03846153846154
2024-03-29 22:30:00,2024-03-26,JPY,-0.42232769928786623,9.935897435897436
2024-04-05 22:30:00,2024-04-02,JPY,-0.45210205518151314,2.2435897435897436
2024-04-12 22:30:00,2024-04-09,JPY,-0.4997272550765997,0.32051282051282054
2024-04-19 22:30:00,2024-04-16,JPY,-0.5001932892392257,0.32051282051282054
2024-04-26 22:30:00,2024-04-23,JPY,-0.535207203562515,0.32051282051282054
2024-05-03 22:30:00,2024-04-30,JPY,-0.5028789181957186,0.9615384615384616
2024-05-10 22:30:00,2024-05-07,JPY,-0.4499514771942813,6.089743589743589
2024-05-17 22:30:00,2024-05-14,JPY,-0.42399010772632273,13.14102564102564
2024-05-24 22:30:00,2024-05-21,JPY,-0.4791231767419478,2.8846153846153846
2024-05-31 22:30:00,2024-05-28,JPY,-0.47977898785786105,2.8846153846153846
2024-06-07 22:30:00,2024-06-04,JPY,-0.43596394826556306,9.935897435897436
2024-06-14 22:30:00,2024-06-11,JPY,-0.4340441125804168,10.576923076923077
2024-06-21 22:30:00,2024-06-18,JPY,-0.4972889467785418,2.8846153846153846
2024-06-28 22:30:00,2024-06-25,JPY,-0.5111143114946346,0.9615384615384616
2024-07-05 22:30:00,2024-07-02,JPY,-0.5266267791445242,0.9615384615384616
2024-07-12 22:30:00,2024-07-09,JPY,-0.5216532838139124,1.6025641025641026
2024-07-19 22:30:00,2024-07-16,JPY,-0.4917628293810322,5.448717948717949
2024-07-26 22:30:00,2024-07-23,JPY,-0.3486781495069714,47.756410256410255
2024-08-02 22:30:00,2024-07-30,JPY,-0.24232148335318043,89.42307692307692
2024-08-09 22:30:00,2024-08-06,JPY,-0.03798124688479512,99.67948717948718
2024-08-16 22:30:00,2024-08-13,JPY,0.07326741464714052,99.67948717948718
2024-08-23 22:30:00,2024-08-20,JPY,0.07458957548616843,99.67948717948718
2024-08-30 22:30:00,2024-08-27,JPY,0.08127971243546922,99.67948717948718
2024-09-06 22:30:00,2024-09-03,JPY,0.12581587845591272,99.67948717948718
2024-09-13 22:30:00,2024-09-10,JPY,0.1481219821839294,99.67948717948718
2024-09-20 22:30:00,2024-09-17,JPY,0.28496513137774926,99.67948717948718
2024-09-27 22:30:00,2024-09-24,JPY,0.3178159093316386,99.67948717948718
2024-10-04 22:30:00,2024-10-01,JPY,0.2893577981651376,99.03846153846153
2024-10-11 22:30:00,2024-10-08,JPY,0.1857182804992755,97.75641025641026
2024-10-18 22:30:00,2024-10-15,JPY,0.1723850387373592,97.11538461538461
2024-10-25 22:30:00,2024-10-22,JPY,0.06159507663814641,93.26923076923077
2024-11-01 22:30:00,2024-10-29,JPY,-0.1098612623619928,91.98717948717949
2024-11-08 22:30:00,2024-11-05,JPY,-0.18733722991830745,84.2948717948718
2024-11-15 22:30:00,2024-11-12,JPY,-0.2518627177051318,78.52564102564102
2024-11-22 22:30:00,2024-11-19,JPY,-0.18445650505535505,84.2948717948718
2024-11-29 22:30:00,2024-11-26,JPY,-0.08925881230133377,91.98717948717949
2024-12-06 22:30:00,2024-12-03,JPY,0.00908705114678274,92.62820512820512
2024-12-13 22:30:00,2024-12-10,JPY,0.0937001972099522,95.1923076923077
2024-12-20 22:30:00,2024-12-17,JPY,0.032811700142563835,91.98717948717949
2024-12-27 22:30:00,2024-12-24,JPY,0.011513551215623755,91.34615384615384
2025-01-03 22:30:00,2024-12-31,JPY,-0.04079315459653768,89.42307692307692
2025-01-10 22:30:00,2025-01-07,JPY,-0.09502673494747148,88.14102564102564
2025-01-17 22:30:00,2025-01-14,JPY,-0.13132724869614917,83.65384615384616
2025-01-24 22:30:00,2025-01-21,JPY,-0.06933654664020414,88.78205128205128
2025-01-31 22:30:00,2025-01-28,JPY,-0.004423676587264978,90.06410256410257
2025-02-07 22:30:00,2025-02-04,JPY,0.08092759722479745,93.91025641025641
2025-02-14 22:30:00,2025-02-11,JPY,0.1998251095809216,97.75641025641026
2025-02-21 22:30:00,2025-02-18,JPY,0.21542308198447163,97.75641025641026
2025-02-28 22:30:00,2025-02-25,JPY,0.2915676851384931,99.03846153846153
2025-03-07 22:30:00,2025-03-04,JPY,0.37710311358153575,99.67948717948718
2025-03-14 22:30:00,2025-03-11,JPY,0.3001089251375012,98.3974358974359
2025-03-21 22:30:00,2025-03-18,JPY,0.41462468851895184,99.67948717948718
2025-03-28 22:30:00,2025-03-25,JPY,0.4127224486302497,99.03846153846153
2025-04-04 22:30:00,2025-04-01,JPY,0.39135241449791425,98.3974358974359
2025-04-11 22:30:00,2025-04-08,JPY,0.458498307134974,99.67948717948718
2025-04-18 22:30:00,2025-04-15,JPY,0.5071728114883031,99.67948717948718
2025-04-25 22:30:00,2025-04-22,JPY,0.5062666203527074,99.03846153846153
2025-05-02 22:30:00,2025-04-29,JPY,0.4893213850799736,98.3974358974359
2025-05-09 22:30:00,2025-05-06,JPY,0.4709383138150852,97.75641025641026
2025-05-16 22:30:00,2025-05-13,JPY,0.47915977091741513,97.75641025641026
2025-05-23 22:30:00,2025-05-20,JPY,0.4561078325814673,95.83333333333333
2025-05-30 22:30:00,2025-05-27,JPY,0.435032399585158,95.1923076923077
2025-06-06 22:30:00,2025-06-03,JPY,0.4129663832484536,93.91025641025641
2025-06-13 22:30:00,2025-06-10,JPY,0.37241508977162385,91.34615384615384
2025-06-20 22:30:00,2025-06-17,JPY,0.4121811648290045,92.62820512820512
2025-06-27 22:30:00,2025-06-24,JPY,0.4202378267099156,94.55128205128206
2025-07-04 22:30:00,2025-07-01,JPY,0.40521112104655194,91.34615384615384
2025-07-11 22:30:00,2025-07-08,JPY,0.37636777795418974,89.42307692307692
2025-07-18 22:30:00,2025-07-15,JPY,0.3223339038431617,88.14102564102564
2025-07-25 22:30:00,2025-07-22,JPY,0.340675313059034,88.14102564102564
2025-08-01 22:30:00,2025-07-29,JPY,0.27116053659055345,83.65384615384616
2025-08-08 22:30:00,2025-08-05,JPY,0.2430686055403731,83.01282051282051
2025-08-15 22:30:00,2025-08-12,JPY,0.21139470844024,81.73076923076923
2025-08-22 22:30:00,2025-08-19,JPY,0.2223065946094641,82.37179487179488
2025-08-29 22:30:00,2025-08-26,JPY,0.23640749259862437,82.37179487179488
2025-09-05 22:30:00,2025-09-02,JPY,0.17684532732728384,78.52564102564102
2025-09-12 22:30:00,2025-09-09,JPY,0.22308476895026522,81.73076923076923
2025-09-19 22:30:00,2025-09-16,JPY,0.2049629530738936,79.16666666666667
2025-09-26 22:30:00,2025-09-23,JPY,0.25654016063609053,83.01282051282051
2025-10-03 22:30:00,2025-09-30,JPY,0.20105589919891662,77.88461538461539
2025-10-10 22:30:00,2025-10-07,JPY,0.15175955481853873,74.67948717948718
2025-10-17 22:30:00,2025-10-14,JPY,0.12185453913568063,72.75641025641026
2025-10-24 22:30:00,2025-10-21,JPY,0.22893724660157558,81.08974358974359
2025-10-31 22:30:00,2025-10-28,JPY,0.21161021345867675,78.52564102564102
2025-11-07 22:30:00,2025-11-04,JPY,0.1631656004328591,73.3974358974359
2025-11-13 22:30:00,2025-11-10,JPY,0.15495213284533874,72.75641025641026
2025-11-21 22:30:00,2025-11-18,JPY,0.09457105045893838,69.55128205128206
2025-11-28 22:30:00,2025-11-25,JPY,0.07699030253759945,66.98717948717949
2025-12-05 22:30:00,2025-12-02,JPY,0.09223039110163375,68.26923076923077
2025-12-12 22:30:00,2025-12-09,JPY,0.0374890420612957,63.782051282051285
2025-12-19 22:30:00,2025-12-16,JPY,-0.007748650833993979,60.57692307692308
2025-12-26 22:30:00,2025-12-23,JPY,0.004289963659833593,61.217948717948715
2026-01-02 22:30:00,2025-12-30,JPY,0.04916611913382635,63.782051282051285
2026-01-09 22:30:00,2026-01-06,JPY,0.030637957701197364,61.85897435897436
2026-01-16 22:30:00,2026-01-13,JPY,-0.15349270328505107,52.243589743589745
2026-01-23 22:30:00,2026-01-20,JPY,-0.1532054940585837,52.88461538461539
2026-01-30 22:30:00,2026-01-27,JPY,-0.1128369346182239,54.166666666666664
2026-02-06 22:30:00,2026-02-03,JPY,-0.0632983505283644,56.73076923076923
2026-02-13 22:30:00,2026-02-10,JPY,-0.05704169005338142,56.73076923076923
2026-02-20 22:30:00,2026-02-17,JPY,0.036562168386353885,62.5
2026-02-27 22:30:00,2026-02-24,JPY,0.031210020528993486,61.217948717948715
2026-03-06 22:30:00,2026-03-03,JPY,-0.03975039390661835,56.08974358974359
2026-03-13 22:30:00,2026-03-10,JPY,-0.09676235276513964,51.6025641025641
2026-03-20 22:30:00,2026-03-17,JPY,-0.20747624644921148,46.47435897435897
2026-03-27 22:30:00,2026-03-24,JPY,-0.19135919076201213,46.47435897435897
2026-04-03 22:30:00,2026-03-31,JPY,-0.21105434492985323,45.19230769230769
2026-04-10 22:30:00,2026-04-07,JPY,-0.2683149527868496,42.62820512820513
2026-04-17 22:30:00,2026-04-14,JPY,-0.23482265820784323,44.55128205128205
2026-04-24 22:30:00,2026-04-21,JPY,-0.2685185711605483,41.34615384615385
2026-05-01 22:30:00,2026-04-28,JPY,-0.2737780996834594,40.705128205128204
2026-05-08 22:30:00,2026-05-05,JPY,-0.1743986666854988,47.756410256410255
2026-05-15 22:30:00,2026-05-12,JPY,-0.20744002077107077,45.19230769230769
2026-05-22 22:30:00,2026-05-19,JPY,-0.23679120868036907,42.62820512820513
2026-05-29 22:30:00,2026-05-26,JPY,-0.2683562137544641,39.42307692307692
2026-06-05 22:30:00,2026-06-02,JPY,-0.2562866552600607,40.705128205128204
2026-06-12 22:30:00,2026-06-09,JPY,-0.2887056377765678,36.217948717948715
2026-06-19 22:30:00,2026-06-16,JPY,-0.28825805212883404,36.217948717948715
2026-06-26 22:30:00,2026-06-23,JPY,-0.33896480523397443,29.807692307692307
2026-07-03 22:30:00,2026-06-30,JPY,-0.35342562524924515,26.602564102564102
2026-07-10 22:30:00,2026-07-07,JPY,-0.310919535899001,33.01282051282051
2026-07-17 22:30:00,2026-07-14,JPY,-0.30935351589098997,33.65384615384615
2026-07-24 22:30:00,2026-07-21,JPY,-0.3589580836062634,25.32051282051282
2026-07-31 22:30:00,2026-07-28,JPY,-0.37794831230947856,21.474358974358974
2026-08-07 22:30:00,2026-08-04,JPY,-0.108425748641489,50.96153846153846
2026-08-14 22:30:00,2026-08-11,JPY,-0.10739421344615871,50.96153846153846
2018-12-27 22:30:00,2018-12-24,USD,0.6564832321624042,79.8076923076923
2019-01-03 22:30:00,2018-12-31,USD,0.6144898385168599,70.75471698113208
2019-01-11 22:30:00,2019-01-08,USD,0.5446805020096793,58.333333333333336
2019-01-18 22:30:00,2019-01-15,USD,0.5590063117009225,60.90909090909091
2019-01-25 22:30:00,2019-01-22,USD,0.5592759879331323,61.607142857142854
2019-02-01 22:30:00,2019-01-29,USD,0.5086930848969952,53.50877192982456
2019-02-08 22:30:00,2019-02-05,USD,0.5321046990076415,54.310344827586206
2019-02-15 22:30:00,2019-02-12,USD,0.5886670321702068,66.94915254237289
2019-02-22 22:30:00,2019-02-19,USD,0.5555668341538513,57.5
2019-03-01 22:30:00,2019-02-26,USD,0.49401693524667567,50.0
2019-03-08 22:30:00,2019-03-05,USD,0.614131919777037,73.38709677419355
2019-03-15 22:30:00,2019-03-12,USD,0.5822860463185855,64.28571428571429
2019-03-22 22:30:00,2019-03-19,USD,0.586565645143051,66.40625
2019-03-29 22:30:00,2019-03-26,USD,0.5907434232045231,68.46153846153847
2019-04-05 22:30:00,2019-04-02,USD,0.5689716381996766,61.36363636363637
2019-04-12 22:30:00,2019-04-09,USD,0.5791326580784738,61.940298507462686
2019-04-19 22:30:00,2019-04-16,USD,0.5800709603704371,62.5
2019-04-26 22:30:00,2019-04-23,USD,0.507644234164254,45.65217391304348
2019-05-03 22:30:00,2019-04-30,USD,0.4907857929982199,43.57142857142857
2019-05-10 22:30:00,2019-05-07,USD,0.5151067323481117,48.59154929577465
2019-05-17 22:30:00,2019-05-14,USD,0.5548114718299607,53.47222222222222
2019-05-24 22:30:00,2019-05-21,USD,0.5153771946748987,48.63013698630137
2019-05-31 22:30:00,2019-05-28,USD,0.5410078262258425,52.027027027027025
2019-06-07 22:30:00,2019-06-04,USD,0.5593961234194085,60.666666666666664
2019-06-14 22:30:00,2019-06-11,USD,0.487908556552159,40.13157894736842
2019-06-21 22:30:00,2019-06-18,USD,0.607270484131711,75.97402597402598
2019-06-28 22:30:00,2019-06-25,USD,0.4959971614219502,42.94871794871795
2019-07-05 22:30:00,2019-07-02,USD,0.5237005022777713,48.734177215189874
2019-07-12 22:30:00,2019-07-09,USD,0.6451889829498033,81.875
2019-07-19 22:30:00,2019-07-16,USD,0.6434086629001883,80.8641975308642
2019-07-26 22:30:00,2019-07-23,USD,0.6062397236039712,73.78048780487805
2019-08-02 22:30:00,2019-07-30,USD,0.5424241881459456,51.204819277108435
2019-08-09 22:30:00,2019-08-06,USD,0.5625201996624412,61.30952380952381
2019-08-16 22:30:00,2019-08-13,USD,0.5425818181818182,51.1764705882353
2019-08-23 22:30:00,2019-08-20,USD,0.525932000927098,45.93023255813954
2019-08-30 22:30:00,2019-08-27,USD,0.5408578613166416,48.85057471264368
2019-09-06 22:30:00,2019-09-03,USD,0.5092916519562217,41.47727272727273
2019-09-13 22:30:00,2019-09-10,USD,0.49349849017070313,36.51685393258427
2019-09-20 22:30:00,2019-09-17,USD,0.7481419130683955,99.44444444444444
2019-09-27 22:30:00,2019-09-24,USD,0.7334172743647588,98.35164835164835
2019-10-04 22:30:00,2019-10-01,USD,0.7287323228046405,97.28260869565217
2019-10-11 22:30:00,2019-10-08,USD,0.687034611141754,88.70967741935483
2019-10-18 22:30:00,2019-10-15,USD,0.6828894564027728,86.70212765957447
2019-10-25 22:30:00,2019-10-22,USD,0.5794652803564798,62.63157894736842
2019-11-01 22:30:00,2019-10-29,USD,0.5937424547283702,69.27083333333333
2019-11-08 22:30:00,2019-11-05,USD,0.6036158672764012,71.64948453608247
2019-11-15 22:30:00,2019-11-12,USD,0.6015415259374729,70.91836734693878
2019-11-22 22:30:00,2019-11-19,USD,0.5437422716834481,48.98989898989899
2019-11-29 22:30:00,2019-11-26,USD,0.5721125358488777,59.5
2019-12-06 22:30:00,2019-12-03,USD,0.5306353756917128,42.07920792079208
2019-12-13 22:30:00,2019-12-10,USD,0.47236191567466634,28.92156862745098
2019-12-20 22:30:00,2019-12-17,USD,0.35553393926497856,23.78640776699029
2019-12-27 22:30:00,2019-12-24,USD,0.40123119844735566,29.326923076923077
2020-01-03 22:30:00,2019-12-31,USD,0.3351405455000417,23.333333333333332
2020-01-10 22:30:00,2020-01-07,USD,0.35441598681031294,24.056603773584907
2020-01-17 22:30:00,2020-01-14,USD,0.36649258061841994,25.700934579439252
2020-01-24 22:30:00,2020-01-21,USD,0.3606667038296449,25.462962962962962
2020-01-31 22:30:00,2020-01-28,USD,0.4564722222222222,32.56880733944954
2020-02-07 22:30:00,2020-02-04,USD,0.4646363291207897,33.18181818181818
2020-02-14 22:30:00,2020-02-11,USD,0.3925937865173067,31.08108108108108
2020-02-21 22:30:00,2020-02-18,USD,0.49984526830475956,40.625
2020-02-28 22:30:00,2020-02-25,USD,0.5236921791792837,45.575221238938056
2020-03-06 22:30:00,2020-03-03,USD,0.5652807802523755,62.719298245614034
2020-03-13 22:30:00,2020-03-10,USD,0.2761228893684234,21.304347826086957
2020-03-20 22:30:00,2020-03-17,USD,0.2824421451702077,21.982758620689655
2020-03-27 22:30:00,2020-03-24,USD,0.4418095843037617,32.9059829059829
2020-04-03 22:30:00,2020-03-31,USD,0.4854687284274472,36.86440677966102
2020-04-10 22:30:00,2020-04-07,USD,0.523557290214664,46.63865546218487
2020-04-17 22:30:00,2020-04-14,USD,0.5176982200647249,46.25
2020-04-24 22:30:00,2020-04-21,USD,0.4974832749283211,40.90909090909091
2020-05-01 22:30:00,2020-04-28,USD,0.4931641223714058,38.114754098360656
2020-05-08 22:30:00,2020-05-05,USD,0.5205197274599905,47.5609756097561
2020-05-15 22:30:00,2020-05-12,USD,0.5285480191498249,51.20967741935484
2020-05-22 22:30:00,2020-05-19,USD,0.5495123423452044,58.8
2020-05-29 22:30:00,2020-05-26,USD,0.5229698211887766,47.22222222222222
2020-06-05 22:30:00,2020-06-02,USD,0.3175421056679228,20.866141732283463
2020-06-12 22:30:00,2020-06-09,USD,0.1381799964637237,19.140625
2020-06-19 22:30:00,2020-06-16,USD,-0.2689616991292969,0.3875968992248062
2020-06-26 22:30:00,2020-06-23,USD,-0.24600712929956947,1.1538461538461537
2020-07-03 22:30:00,2020-06-30,USD,-0.2559024741525642,1.1450381679389312
2020-07-10 22:30:00,2020-07-07,USD,-0.21596921596921598,2.6515151515151514
2020-07-17 22:30:00,2020-07-14,USD,-0.21443465679390614,3.3834586466165413
2020-07-24 22:30:00,2020-07-21,USD,-0.18446694688574705,4.104477611940299
2020-07-31 22:30:00,2020-07-28,USD,-0.1802905231560892,4.814814814814815
2020-08-07 22:30:00,2020-08-04,USD,-0.18240978110826267,4.779411764705882
2020-08-14 22:30:00,2020-08-11,USD,-0.23743470690655832,2.5547445255474455
2020-08-21 22:30:00,2020-08-18,USD,-0.2153541953232462,3.9855072463768115
2020-08-28 22:30:00,2020-08-25,USD,-0.25306029430915483,1.7985611510791366
2020-09-04 22:30:00,2020-09-01,USD,-0.22221490216746823,3.9285714285714284
2020-09-11 22:30:00,2020-09-08,USD,-0.19337721655024181,6.73758865248227
2020-09-18 22:30:00,2020-09-15,USD,-0.2891938370827923,0.352112676056338
2020-09-25 22:30:00,2020-09-22,USD,-0.31793374352556747,0.34965034965034963
2020-10-02 22:30:00,2020-09-29,USD,-0.19412216941571148,7.986111111111111
2020-10-09 22:30:00,2020-10-06,USD,-0.09647672348003053,12.068965517241379
2020-10-16 22:30:00,2020-10-13,USD,0.014948859166011016,23.63013698630137
2020-10-23 22:30:00,2020-10-20,USD,-0.05676513680193533,15.306122448979592
2020-10-30 22:30:00,2020-10-27,USD,-0.04233197177868548,19.93243243243243
2020-11-06 22:30:00,2020-11-03,USD,0.027793406098795995,26.51006711409396
2020-11-13 22:30:00,2020-11-10,USD,-0.038808229546549236,20.333333333333332
2020-11-20 22:30:00,2020-11-17,USD,-0.03311460918641417,21.52317880794702
2020-11-27 22:30:00,2020-11-24,USD,-0.08629712029580422,12.171052631578947
2020-12-04 22:30:00,2020-12-01,USD,-0.08267017958920314,13.398692810457517
2020-12-11 22:30:00,2020-12-08,USD,-0.13368785555280732,10.714285714285714
2020-12-18 22:30:00,2020-12-15,USD,-0.3915974814732267,0.3225806451612903
2020-12-24 22:30:00,2020-12-21,USD,-0.4280452361083134,0.32051282051282054
2021-01-01 22:30:00,2020-12-29,USD,-0.4046083717827561,0.9615384615384616
2021-01-08 22:30:00,2021-01-05,USD,-0.39798770262716604,1.6025641025641026
2021-01-15 22:30:00,2021-01-12,USD,-0.3989958399081911,1.6025641025641026
2021-01-22 22:30:00,2021-01-19,USD,-0.39586857063635106,2.8846153846153846
2021-01-29 22:30:00,2021-01-26,USD,-0.39634326951557747,2.8846153846153846
2021-02-05 22:30:00,2021-02-02,USD,-0.40196237870656476,1.6025641025641026
2021-02-12 22:30:00,2021-02-09,USD,-0.38340379673381414,5.448717948717949
2021-02-19 22:30:00,2021-02-16,USD,-0.39721419039145905,3.5256410256410255
2021-02-26 22:30:00,2021-02-23,USD,-0.33475119027479033,6.730769230769231
2021-03-05 22:30:00,2021-03-02,USD,-0.2690832578703457,8.653846153846153
2021-03-12 22:30:00,2021-03-09,USD,-0.215181598062954,14.423076923076923
2021-03-19 22:30:00,2021-03-16,USD,0.1650361909070346,33.65384615384615
2021-03-26 22:30:00,2021-03-23,USD,0.1465479690732876,33.01282051282051
2021-04-02 22:30:00,2021-03-30,USD,0.14206321639458144,32.37179487179487
2021-04-09 22:30:00,2021-04-06,USD,0.11375316407148883,31.08974358974359
2021-04-16 22:30:00,2021-04-13,USD,0.15199795735988766,33.01282051282051
2021-04-23 22:30:00,2021-04-20,USD,0.09565761209451559,29.166666666666668
2021-04-30 22:30:00,2021-04-27,USD,0.07503142248210284,27.243589743589745
2021-05-07 22:30:00,2021-05-04,USD,0.060124637935574474,25.96153846153846
2021-05-14 22:30:00,2021-05-11,USD,0.0579166268285687,25.32051282051282
2021-05-21 22:30:00,2021-05-18,USD,0.062425863472496804,26.602564102564102
2021-05-28 22:30:00,2021-05-25,USD,0.06458657621448319,27.243589743589745
2021-06-04 22:30:00,2021-06-01,USD,0.06167134977625143,26.602564102564102
2021-06-11 22:30:00,2021-06-08,USD,0.03532164686422044,25.32051282051282
2021-06-18 22:30:00,2021-06-15,USD,-0.06149040130296638,21.474358974358974
2021-06-25 22:30:00,2021-06-22,USD,-0.014727540500736377,24.67948717948718
2021-07-02 22:30:00,2021-06-29,USD,-0.012827854770358492,25.32051282051282
2021-07-09 22:30:00,2021-07-06,USD,0.20344039779599515,36.217948717948715
2021-07-16 22:30:00,2021-07-13,USD,0.2970968593296384,38.14102564102564
2021-07-23 22:30:00,2021-07-20,USD,0.3131712832108536,38.782051282051285
2021-07-30 22:30:00,2021-07-27,USD,0.3841473327295107,43.26923076923077
2021-08-06 22:30:00,2021-08-03,USD,0.4377593842016183,45.19230769230769
2021-08-13 22:30:00,2021-08-10,USD,0.4282675176173381,45.19230769230769
2021-08-20 22:30:00,2021-08-17,USD,0.4124656475437994,45.19230769230769
2021-08-27 22:30:00,2021-08-24,USD,0.41975715846543943,45.833333333333336
2021-09-03 22:30:00,2021-08-31,USD,0.42365419661322357,46.47435897435897
2021-09-10 22:30:00,2021-09-07,USD,0.46292701863354035,49.67948717948718
2021-09-17 22:30:00,2021-09-14,USD,0.5468616230342901,70.83333333333333
2021-09-24 22:30:00,2021-09-21,USD,0.5464361910567336,70.83333333333333
2021-10-01 22:30:00,2021-09-28,USD,0.47823965299114407,51.6025641025641
2021-10-08 22:30:00,2021-10-05,USD,0.5599538413120257,76.6025641025641
2021-10-15 22:30:00,2021-10-12,USD,0.5579922337513528,74.67948717948718
2021-10-22 22:30:00,2021-10-19,USD,0.5916912285323805,84.93589743589743
2021-10-29 22:30:00,2021-10-26,USD,0.5840862475208923,83.01282051282051
2021-11-05 22:30:00,2021-11-02,USD,0.6036895784078554,88.78205128205128
2021-11-12 22:30:00,2021-11-09,USD,0.614211702735952,91.34615384615384
2021-11-19 22:30:00,2021-11-16,USD,0.5878054119588462,84.2948717948718
2021-11-26 22:30:00,2021-11-23,USD,0.620081810933546,93.26923076923077
2021-12-03 22:30:00,2021-11-30,USD,0.6877060492218048,97.11538461538461
2021-12-10 22:30:00,2021-12-07,USD,0.5811414474780812,82.37179487179488
2021-12-17 22:30:00,2021-12-14,USD,0.5996583362125225,88.14102564102564
2021-12-24 22:30:00,2021-12-21,USD,0.6252448274634094,94.55128205128206
2021-12-31 22:30:00,2021-12-28,USD,0.6354764043391142,94.55128205128206
2022-01-07 22:30:00,2022-01-04,USD,0.6727263337292775,95.83333333333333
2022-01-14 22:30:00,2022-01-11,USD,0.6622391555105037,95.1923076923077
2022-01-21 22:30:00,2022-01-18,USD,0.6837828200364093,96.47435897435898
2022-01-28 22:30:00,2022-01-25,USD,0.704422106711512,97.75641025641026
2022-02-04 22:30:00,2022-02-01,USD,0.612125289941038,88.78205128205128
2022-02-11 22:30:00,2022-02-08,USD,0.6299087737626625,91.34615384615384
2022-02-18 22:30:00,2022-02-15,USD,0.6518799624191736,93.26923076923077
2022-02-25 22:30:00,2022-02-22,USD,0.6570044790794217,93.26923076923077
2022-03-04 22:30:00,2022-03-01,USD,0.6138285290639177,87.5
2022-03-11 22:30:00,2022-03-08,USD,0.5451663010232677,68.91025641025641
2022-03-18 22:30:00,2022-03-15,USD,0.5965443309370665,82.37179487179488
2022-03-25 22:30:00,2022-03-22,USD,0.5704303972898059,75.96153846153847
2022-04-01 22:30:00,2022-03-29,USD,0.5733318509459484,76.6025641025641
2022-04-08 22:30:00,2022-04-05,USD,0.6493914249016289,91.98717948717949
2022-04-15 22:30:00,2022-04-12,USD,0.5404661171493179,65.7051282051282
2022-04-22 22:30:00,2022-04-19,USD,0.5975350304453085,81.73076923076923
2022-04-29 22:30:00,2022-04-26,USD,0.5973867964451968,81.08974358974359
2022-05-06 22:30:00,2022-05-03,USD,0.6113843082156326,85.57692307692308
2022-05-13 22:30:00,2022-05-10,USD,0.6042115504899576,83.65384615384616
2022-05-20 22:30:00,2022-05-17,USD,0.5850336839044249,76.6025641025641
2022-05-27 22:30:00,2022-05-24,USD,0.6149506118951776,87.5
2022-06-03 22:30:00,2022-05-31,USD,0.5877894868703318,75.96153846153847
2022-06-10 22:30:00,2022-06-07,USD,0.5822015560977856,74.03846153846153
2022-06-17 22:30:00,2022-06-14,USD,0.7273976187360984,97.75641025641026
2022-06-24 22:30:00,2022-06-21,USD,0.7688365816579267,99.67948717948718
2022-07-01 22:30:00,2022-06-28,USD,0.6846206230302646,94.55128205128206
2022-07-08 22:30:00,2022-07-05,USD,0.6449709975845014,89.42307692307692
2022-07-15 22:30:00,2022-07-12,USD,0.6439016200789054,88.78205128205128
2022-07-22 22:30:00,2022-07-19,USD,0.6597932921268619,91.34615384615384
2022-07-29 22:30:00,2022-07-26,USD,0.6704876273653566,91.98717948717949
2022-08-05 22:30:00,2022-08-02,USD,0.689644897816104,95.83333333333333
2022-08-12 22:30:00,2022-08-09,USD,0.6478478847733865,87.5
2022-08-19 22:30:00,2022-08-16,USD,0.6444006858035275,86.21794871794872
2022-08-26 22:30:00,2022-08-23,USD,0.6092730176364394,79.16666666666667
2022-09-02 22:30:00,2022-08-30,USD,0.5901070051841021,72.11538461538461
2022-09-09 22:30:00,2022-09-06,USD,0.5855632318121371,70.1923076923077
2022-09-16 22:30:00,2022-09-13,USD,0.5745928443707009,66.98717948717949
2022-09-23 22:30:00,2022-09-20,USD,0.5144588521329109,54.80769230769231
2022-09-30 22:30:00,2022-09-27,USD,0.5453020732969347,61.85897435897436
2022-10-07 22:30:00,2022-10-04,USD,0.5801273838720304,69.55128205128206
2022-10-14 22:30:00,2022-10-11,USD,0.6003112697976747,79.16666666666667
2022-10-21 22:30:00,2022-10-18,USD,0.5918456023463808,75.32051282051282
2022-10-28 22:30:00,2022-10-25,USD,0.5096777471085296,54.80769230769231
2022-11-04 22:30:00,2022-11-01,USD,0.5324800686425226,60.57692307692308
2022-11-11 22:30:00,2022-11-08,USD,0.535906993255236,61.217948717948715
2022-11-18 22:30:00,2022-11-15,USD,0.5550411309991319,65.7051282051282
2022-11-25 22:30:00,2022-11-22,USD,0.5043170292132948,54.80769230769231
2022-12-02 22:30:00,2022-11-29,USD,0.5314715176360065,60.57692307692308
2022-12-09 22:30:00,2022-12-06,USD,0.5516125457165023,65.7051282051282
2022-12-16 22:30:00,2022-12-13,USD,0.5362707774241195,61.217948717948715
2022-12-23 22:30:00,2022-12-20,USD,0.4048660272052961,43.91025641025641
2022-12-30 22:30:00,2022-12-27,USD,0.4067174033082851,43.91025641025641
2023-01-06 22:30:00,2023-01-03,USD,0.4243966547192354,45.833333333333336
2023-01-13 22:30:00,2023-01-10,USD,0.39095185193939536,41.34615384615385
2023-01-20 22:30:00,2023-01-17,USD,0.3391388240073119,40.06410256410256
2023-01-27 22:30:00,2023-01-24,USD,0.36773943200834286,40.705128205128204
2023-02-03 22:30:00,2023-01-31,USD,0.43358678552700575,47.756410256410255
2023-02-10 22:30:00,2023-02-07,USD,0.36573660048888096,40.705128205128204
2023-02-17 22:30:00,2023-02-14,USD,0.3632227143117151,40.705128205128204
2023-02-24 22:30:00,2023-02-21,USD,0.338626394980845,40.06410256410256
2023-03-03 22:30:00,2023-02-28,USD,0.31847680343255563,40.06410256410256
2023-03-10 22:30:00,2023-03-07,USD,0.33987494247895406,41.34615384615385
2023-03-17 22:30:00,2023-03-14,USD,0.3910460488914156,44.55128205128205
2023-03-24 22:30:00,2023-03-21,USD,0.4182264407581537,47.11538461538461
2023-03-31 22:30:00,2023-03-28,USD,0.40860318684142893,46.47435897435897
2023-04-07 22:30:00,2023-04-04,USD,0.439768050879162,52.243589743589745
2023-04-14 22:30:00,2023-04-11,USD,0.40101584230257586,45.19230769230769
2023-04-21 22:30:00,2023-04-18,USD,0.30153449017639467,37.5
2023-04-28 22:30:00,2023-04-25,USD,0.3118086002148602,38.14102564102564
2023-05-05 22:30:00,2023-05-02,USD,0.34631110026240314,42.62820512820513
2023-05-12 22:30:00,2023-05-09,USD,0.3467288267288267,43.26923076923077
2023-05-19 22:30:00,2023-05-16,USD,0.3080958549222798,38.14102564102564
2023-05-26 22:30:00,2023-05-23,USD,0.372148462073304,46.47435897435897
2023-06-02 22:30:00,2023-05-30,USD,0.3944027430265962,48.3974358974359
2023-06-09 22:30:00,2023-06-06,USD,0.3601237842617153,43.26923076923077
2023-06-16 22:30:00,2023-06-13,USD,0.4367550702028081,55.44871794871795
2023-06-23 22:30:00,2023-06-20,USD,0.544239361312532,63.14102564102564
2023-06-30 22:30:00,2023-06-27,USD,0.5405366364522769,62.5
2023-07-06 22:30:00,2023-07-03,USD,0.5378489049175401,61.217948717948715
2023-07-14 22:30:00,2023-07-11,USD,0.41524632670700085,49.03846153846154
2023-07-21 22:30:00,2023-07-18,USD,0.2696308929224022,32.37179487179487
2023-07-28 22:30:00,2023-07-25,USD,0.1754070811844469,31.08974358974359
2023-08-04 22:30:00,2023-08-01,USD,0.09909336726578655,27.243589743589745
2023-08-11 22:30:00,2023-08-08,USD,0.09070169374351884,25.96153846153846
2023-08-18 22:30:00,2023-08-15,USD,0.18516732210432588,31.08974358974359
2023-08-25 22:30:00,2023-08-22,USD,0.13521716070481465,27.243589743589745
2023-09-01 22:30:00,2023-08-29,USD,0.07685396929108135,24.03846153846154
2023-09-08 22:30:00,2023-09-05,USD,0.09182864485087072,24.67948717948718
2023-09-15 22:30:00,2023-09-12,USD,0.1481382070177151,28.525641025641026
2023-09-22 22:30:00,2023-09-19,USD,0.3983286198374481,45.19230769230769
2023-09-29 22:30:00,2023-09-26,USD,0.3954876926344606,44.55128205128205
2023-10-06 22:30:00,2023-10-03,USD,0.44437883797827116,54.80769230769231
2023-10-13 22:30:00,2023-10-10,USD,0.4717351288509979,55.44871794871795
2023-10-20 22:30:00,2023-10-17,USD,0.44521613899793266,54.166666666666664
2023-10-27 22:30:00,2023-10-24,USD,0.4610030466369815,54.166666666666664
2023-11-03 22:30:00,2023-10-31,USD,0.44354367684508095,52.243589743589745
2023-11-10 22:30:00,2023-11-07,USD,0.4723219483795847,55.44871794871795
2023-11-17 22:30:00,2023-11-14,USD,0.5080582874208331,56.73076923076923
2023-11-24 22:30:00,2023-11-21,USD,0.5461814535282631,64.42307692307692
2023-12-01 22:30:00,2023-11-28,USD,0.48494626387865547,54.80769230769231
2023-12-08 22:30:00,2023-12-05,USD,0.49304096314058987,54.80769230769231
2023-12-15 22:30:00,2023-12-12,USD,0.4257104849437659,45.19230769230769
2023-12-22 22:30:00,2023-12-19,USD,0.1813748044538511,22.115384615384617
2023-12-29 22:30:00,2023-12-26,USD,0.142338581605336,18.26923076923077
2024-01-05 22:30:00,2024-01-02,USD,0.10131292858337515,15.705128205128204
2024-01-12 22:30:00,2024-01-09,USD,0.1218695033084848,16.346153846153847
2024-01-19 22:30:00,2024-01-16,USD,0.05531679502999872,7.371794871794871
2024-01-26 22:30:00,2024-01-23,USD,0.06678019705631918,10.576923076923077
2024-02-02 22:30:00,2024-01-30,USD,0.014452775943121334,5.448717948717949
2024-02-09 22:30:00,2024-02-06,USD,0.05270186973494966,6.089743589743589
2024-02-16 22:30:00,2024-02-13,USD,0.06212182331585317,8.653846153846153
2024-02-23 22:30:00,2024-02-20,USD,0.05160558114693905,4.8076923076923075
2024-03-01 22:30:00,2024-02-27,USD,0.07049307929202342,10.576923076923077
2024-03-08 22:30:00,2024-03-05,USD,0.10892794376098418,15.064102564102564
2024-03-15 22:30:00,2024-03-12,USD,0.23462924331500096,23.397435897435898
2024-03-22 22:30:00,2024-03-19,USD,0.028506654351568076,2.8846153846153846
2024-03-29 22:30:00,2024-03-26,USD,-0.019658092946213707,0.9615384615384616
2024-04-05 22:30:00,2024-04-02,USD,-0.04972462627852085,0.9615384615384616
2024-04-12 22:30:00,2024-04-09,USD,-0.02823378164556962,1.6025641025641026
2024-04-19 22:30:00,2024-04-16,USD,-0.021080578184211125,2.2435897435897436
2024-04-26 22:30:00,2024-04-23,USD,-0.004658283214871515,4.8076923076923075
2024-05-03 22:30:00,2024-04-30,USD,-0.0007174483437192523,5.448717948717949
2024-05-10 22:30:00,2024-05-07,USD,0.04313113914622224,8.012820512820513
2024-05-17 22:30:00,2024-05-14,USD,0.05686993483896583,10.576923076923077
2024-05-24 22:30:00,2024-05-21,USD,0.08812625250501002,14.423076923076923
2024-05-31 22:30:00,2024-05-28,USD,0.10406901366310961,16.987179487179485
2024-06-07 22:30:00,2024-06-04,USD,0.1264587915642386,18.26923076923077
2024-06-14 22:30:00,2024-06-11,USD,0.13079552273853942,18.26923076923077
2024-06-21 22:30:00,2024-06-18,USD,0.43728409175634364,47.11538461538461
2024-06-28 22:30:00,2024-06-25,USD,0.40610007648272184,38.782051282051285
2024-07-05 22:30:00,2024-07-02,USD,0.3634251649242773,31.08974358974359
2024-07-12 22:30:00,2024-07-09,USD,0.3746388368813998,33.01282051282051
2024-07-19 22:30:00,2024-07-16,USD,0.47993583607151175,53.52564102564103
2024-07-26 22:30:00,2024-07-23,USD,0.4693698799525993,50.96153846153846
2024-08-02 22:30:00,2024-07-30,USD,0.4318749044975297,44.55128205128205
2024-08-09 22:30:00,2024-08-06,USD,0.3839527911293009,33.01282051282051
2024-08-16 22:30:00,2024-08-13,USD,0.4097621363515784,40.06410256410256
2024-08-23 22:30:00,2024-08-20,USD,0.3611151027446472,29.166666666666668
2024-08-30 22:30:00,2024-08-27,USD,0.3704363835788154,32.37179487179487
2024-09-06 22:30:00,2024-09-03,USD,0.40007824887259846,38.14102564102564
2024-09-13 22:30:00,2024-09-10,USD,0.4153906233942408,43.26923076923077
2024-09-20 22:30:00,2024-09-17,USD,0.07262005735288178,10.576923076923077
2024-09-27 22:30:00,2024-09-24,USD,0.035480409930075105,5.448717948717949
2024-10-04 22:30:00,2024-10-01,USD,0.0058508415333763915,4.166666666666667
2024-10-11 22:30:00,2024-10-08,USD,-0.0736883167544373,0.32051282051282054
2024-10-18 22:30:00,2024-10-15,USD,-0.08688097306689835,0.32051282051282054
2024-10-25 22:30:00,2024-10-22,USD,0.03042548927927326,7.371794871794871
2024-11-01 22:30:00,2024-10-29,USD,0.05175805261863781,9.935897435897436
2024-11-08 22:30:00,2024-11-05,USD,0.0030819140308191405,5.448717948717949
2024-11-15 22:30:00,2024-11-12,USD,-0.06269830508474576,1.6025641025641026
2024-11-22 22:30:00,2024-11-19,USD,-0.07269560557341907,1.6025641025641026
2024-11-29 22:30:00,2024-11-26,USD,-0.07405349630923089,0.9615384615384616
2024-12-06 22:30:00,2024-12-03,USD,-0.08141828845641162,0.9615384615384616
2024-12-13 22:30:00,2024-12-10,USD,-0.07897121861604409,1.6025641025641026
2024-12-20 22:30:00,2024-12-17,USD,0.13664882149172744,26.602564102564102
2024-12-27 22:30:00,2024-12-24,USD,0.145979492714517,27.884615384615383
2025-01-03 22:30:00,2024-12-31,USD,0.16001954579300073,29.166666666666668
2025-01-10 22:30:00,2025-01-07,USD,0.1926505326023978,31.73076923076923
2025-01-17 22:30:00,2025-01-14,USD,0.27818086454827573,33.65384615384615
2025-01-24 22:30:00,2025-01-21,USD,0.32532703329395807,36.85897435897436
2025-01-31 22:30:00,2025-01-28,USD,0.34641750628186674,40.06410256410256
2025-02-07 22:30:00,2025-02-04,USD,0.3661755446417328,44.55128205128205
2025-02-14 22:30:00,2025-02-11,USD,0.38930034868035934,48.3974358974359
2025-02-21 22:30:00,2025-02-18,USD,0.435996775787202,61.217948717948715
2025-02-28 22:30:00,2025-02-25,USD,0.41332562660921657,56.73076923076923
2025-03-07 22:30:00,2025-03-04,USD,0.37717210492642356,47.756410256410255
2025-03-14 22:30:00,2025-03-11,USD,0.42230026338893767,59.93589743589744
2025-03-21 22:30:00,2025-03-18,USD,0.24283783783783783,33.01282051282051
2025-03-28 22:30:00,2025-03-25,USD,0.2555871179711831,33.65384615384615
2025-04-04 22:30:00,2025-04-01,USD,0.2404795245739267,33.01282051282051
2025-04-11 22:30:00,2025-04-08,USD,0.127931488801054,25.32051282051282
2025-04-18 22:30:00,2025-04-15,USD,0.06714663532177491,17.628205128205128
2025-04-25 22:30:00,2025-04-22,USD,-0.02962287104622871,5.448717948717949
2025-05-02 22:30:00,2025-04-29,USD,-0.013676515382272311,8.012820512820513
2025-05-09 22:30:00,2025-05-06,USD,-0.03128882864565684,5.448717948717949
2025-05-16 22:30:00,2025-05-13,USD,-0.021978414695161173,7.371794871794871
2025-05-23 22:30:00,2025-05-20,USD,-0.018086057835635497,9.294871794871796
2025-05-30 22:30:00,2025-05-27,USD,-0.002776074114722877,11.217948717948717
2025-06-06 22:30:00,2025-06-03,USD,0.022030206734030777,14.423076923076923
2025-06-13 22:30:00,2025-06-10,USD,0.045728823510225385,17.628205128205128
2025-06-20 22:30:00,2025-06-17,USD,-0.09661143842973861,0.32051282051282054
2025-06-27 22:30:00,2025-06-24,USD,-0.1932425940752602,0.32051282051282054
2025-07-04 22:30:00,2025-07-01,USD,-0.11800694482720608,0.9615384615384616
2025-07-11 22:30:00,2025-07-08,USD,-0.11363895541110731,1.6025641025641026
2025-07-18 22:30:00,2025-07-15,USD,-0.10418739517298235,2.2435897435897436
2025-07-25 22:30:00,2025-07-22,USD,-0.09659902029391183,3.5256410256410255
2025-08-01 22:30:00,2025-07-29,USD,-0.12624927853215467,0.9615384615384616
2025-08-08 22:30:00,2025-08-05,USD,-0.23383448642895158,0.32051282051282054
2025-08-15 22:30:00,2025-08-12,USD,-0.2054258467609339,0.9615384615384616
2025-08-22 22:30:00,2025-08-19,USD,-0.2072617770239867,0.9615384615384616
2025-08-29 22:30:00,2025-08-26,USD,-0.19388338414634146,2.2435897435897436
2025-09-05 22:30:00,2025-09-02,USD,-0.15938670560599327,3.5256410256410255
2025-09-12 22:30:00,2025-09-09,USD,-0.14615162113124194,4.166666666666667
2025-09-19 22:30:00,2025-09-16,USD,-0.3346830711727145,0.32051282051282054
2025-09-26 22:30:00,2025-09-23,USD,-0.2557800252219282,0.9615384615384616
2025-10-03 22:30:00,2025-09-30,USD,-0.3819714837950643,0.32051282051282054
2025-10-10 22:30:00,2025-10-07,USD,-0.339514941756851,0.9615384615384616
2025-10-17 22:30:00,2025-10-14,USD,-0.40210571667070577,0.32051282051282054
2025-10-24 22:30:00,2025-10-21,USD,-0.43447651898555234,0.32051282051282054
2025-10-31 22:30:00,2025-10-28,USD,-0.4607691868106749,0.32051282051282054
2025-11-07 22:30:00,2025-11-04,USD,-0.358249499297866,2.8846153846153846
2025-11-13 22:30:00,2025-11-10,USD,-0.3651850813236119,2.8846153846153846
2025-11-21 22:30:00,2025-11-18,USD,-0.3627682814224264,3.5256410256410255
2025-11-28 22:30:00,2025-11-25,USD,-0.3466211488306016,4.8076923076923075
2025-12-05 22:30:00,2025-12-02,USD,-0.37043466343847786,2.8846153846153846
2025-12-12 22:30:00,2025-12-09,USD,-0.3228613981197059,7.371794871794871
2025-12-19 22:30:00,2025-12-16,USD,-0.17022301252130104,11.85897435897436
2025-12-26 22:30:00,2025-12-23,USD,-0.14268478762286646,13.782051282051283
2026-01-02 22:30:00,2025-12-30,USD,-0.1366271046094397,14.423076923076923
2026-01-09 22:30:00,2026-01-06,USD,-0.12736884101336526,15.064102564102564
2026-01-16 22:30:00,2026-01-13,USD,-0.12488281773135128,16.346153846153847
2026-01-23 22:30:00,2026-01-20,USD,-0.21697826160451672,9.294871794871796
2026-01-30 22:30:00,2026-01-27,USD,-0.13875763875763875,15.064102564102564
2026-02-06 22:30:00,2026-02-03,USD,-0.030223483504788932,27.243589743589745
2026-02-13 22:30:00,2026-02-10,USD,-0.026233401705710892,29.166666666666668
2026-02-20 22:30:00,2026-02-17,USD,0.01233268160625658,36.217948717948715
2026-02-27 22:30:00,2026-02-24,USD,-0.06823556335342132,25.32051282051282
2026-03-06 22:30:00,2026-03-03,USD,-0.16701817816611428,13.14102564102564
2026-03-13 22:30:00,2026-03-10,USD,-0.1837435961514432,12.5
2026-03-20 22:30:00,2026-03-17,USD,0.10415726534296028,54.166666666666664
2026-03-27 22:30:00,2026-03-24,USD,0.10015783789770996,52.88461538461539
2026-04-03 22:30:00,2026-03-31,USD,0.09503033432296373,52.243589743589745
2026-04-10 22:30:00,2026-04-07,USD,0.1506849315068493,62.5
2026-04-17 22:30:00,2026-04-14,USD,0.1570903345386041,63.14102564102564
2026-04-24 22:30:00,2026-04-21,USD,0.1625721836155427,64.42307692307692
2026-05-01 22:30:00,2026-04-28,USD,0.1472673222044363,61.85897435897436
2026-05-08 22:30:00,2026-05-05,USD,0.02132570162481536,39.42307692307692
2026-05-15 22:30:00,2026-05-12,USD,0.09925875171296873,54.166666666666664
2026-05-22 22:30:00,2026-05-19,USD,-0.011790479003593759,34.93589743589744
2026-05-29 22:30:00,2026-05-26,USD,0.02010501915890061,40.06410256410256
2026-06-05 22:30:00,2026-06-02,USD,0.08721281039684381,52.243589743589745
2026-06-12 22:30:00,2026-06-09,USD,0.027523118226111167,41.98717948717949
2026-06-19 22:30:00,2026-06-16,USD,0.267086276335229,74.67948717948718
2026-06-26 22:30:00,2026-06-23,USD,0.23544838639178262,72.75641025641026
2026-07-03 22:30:00,2026-06-30,USD,0.2396788568482304,73.3974358974359
2026-07-10 22:30:00,2026-07-07,USD,0.2485576202607523,75.32051282051282
2026-07-17 22:30:00,2026-07-14,USD,0.2471806803895446,75.32051282051282
2026-07-24 22:30:00,2026-07-21,USD,0.28940003336237097,77.88461538461539
2026-07-31 22:30:00,2026-07-28,USD,0.29522239961545726,77.88461538461539
2026-08-07 22:30:00,2026-08-04,USD,0.43139548260919586,90.06410256410257
2026-08-14 22:30:00,2026-08-11,USD,0.4321471104741527,90.7051282051282
